tl_dntl_prctns_inclds_dnts_orl_hlt_thrps_hygnst_prsth_2018_pltn, midwives_may_also_registered_nurse_enrolled_2018_population_erp, tl_dntl_prctns_inclds_dnts_orl_hlt_thrps_hygnst_prsth_2018_rte, total_registered_nurses_2018_population_erp, ttl_nrss_rgstrd_enrlld_mdwvs_prsn_cntd_2018_ppltn_erp, unknwnnt_applcble_mdcl_prcttnrs_2018_rte_pr_100000_pple, lga_name, registered_nurses_who_are_also_midwives_2018_population_erp, unknownnot_applicable_medical_practitioners_2018_number, total_medical_practitioners_2018_population_erp, total_medical_practitioners_2018_number, spclst_prcttnrs_rprtd_excldng_gps_2018_rte_pr_100000_pple, enrolled_nurses_2018_number, ttl_nrss_rgstrd_enrlld_mdwvs_prsn_cntd_2018_nmbr, mdwvs_my_also_rgstrd_nrse_enrlld_2018_rte_pr_100000_pple, ttl_nrss_rgstrd_enrlld_mdwvs_prsn_cntd_2018_rte_pr_100000_pple, total_registered_nurses_2018_rate_per_100000_people, registered_nurses_who_are_also_midwives_2018_number, tl_dntl_prctns_inclds_dnts_orl_hlt_thrps_hygnst_prsth_2018_nmbr, dentists_2018_rate_per_100000_people, enrolled_nurses_2018_rate_per_100000_people, general_medical_practitioners_2018_number, total_registered_nurses_2018_number, general_medical_practitioners_2018_rate_per_100000_people, registered_nurses_only_2018_number, registered_nurses_only_2018_population_erp, total_medical_practitioners_2018_rate_per_100000_people, dentists_2018_population_erp, dentists_2018_number, registered_nurses_only_2018_rate_per_100000_people, spclst_prcttnrs_rprtd_excldng_gps_2018_ppltn_erp, lga_code, specialist_practitioners_as_reported_excluding_gps_2018_number, general_medical_practitioners_2018_population_erp, midwives_may_also_registered_nurse_enrolled_nurse_2018_number, registered_nurses_also_midwives_2018_rate_per_100000_people, unknownnot_applicable_medical_practitioners_2018_population_erp, enrolled_nurses_2018_population_erp
null,12730.0,null,12730.0,12730.0,70.6991358994501,"Alpine (S)",12730.0,9.0,12730.0,20.0,null,61.0,204.0,70.6991358994501,1602.5137470542,1131.1861743912,9.0,null,null,479.183032207384,11.0,144.0,86.4100549882168,135.0,12730.0,157.109190887667,null,null,1060.48703849175,null,20110,null,12730.0,9.0,70.6991358994501,12730.0,12730.0
11795.0,11795.0,76.303518440017,11795.0,11795.0,59.3471810089021,"Ararat (RC)",11795.0,7.0,11795.0,15.0,null,64.0,238.0,152.607036880034,2017.80415430267,1475.20135650699,18.0,9.0,50.8690122933446,542.602797795676,7.0,174.0,59.3471810089021,156.0,11795.0,127.172530733362,11795.0,6.0,1322.59431962696,null,20260,null,11795.0,18.0,152.607036880034,11795.0,11795.0
107325.0,107325.0,86.6526904262753,107325.0,107325.0,179.827626368507,"Ballarat (C)",107325.0,193.0,107325.0,512.0,210.575355229443,469.0,2542.0,183.554623806196,2368.50687165153,1919.40368040997,184.0,93.0,65.2224551595621,436.990449569066,93.0,2060.0,86.6526904262753,1876.0,107325.0,477.055672024226,107325.0,70.0,1747.96179827626,107325.0,20570,226.0,107325.0,197.0,171.441882133706,107325.0,107325.0
130237.0,130237.0,116.710305059238,130237.0,130237.0,444.574122561177,"Banyule (C)",130237.0,579.0,130237.0,1402.0,521.357217994886,623.0,5116.0,436.895813017806,3928.22316238857,3363.8674109508,457.0,152.0,85.9970668857544,478.358684552009,144.0,4381.0,110.567657424541,3924.0,130237.0,1076.4989979806,130237.0,112.0,3012.96866481875,130237.0,20660,679.0,130237.0,569.0,350.898746132052,130237.0,130237.0
35327.0,35327.0,50.9525292269369,35327.0,35327.0,118.889234862853,"Bass Coast (S)",35327.0,42.0,35327.0,72.0,19.8148724771421,112.0,409.0,93.4129702493843,1157.75469187873,832.224644039969,30.0,18.0,39.6297449542843,317.037959634274,23.0,294.0,65.1060095677527,264.0,35327.0,203.810116907748,35327.0,14.0,747.303761995075,35327.0,20740,7.0,35327.0,33.0,84.9208820448948,35327.0,35327.0
52015.0,52015.0,57.6756704796693,52015.0,52015.0,142.266653849851,"Baw Baw (S)",52015.0,74.0,52015.0,135.0,48.0630587330578,161.0,675.0,155.724310295107,1297.70258579256,982.408920503701,77.0,30.0,42.2954916850908,309.526098240892,36.0,511.0,69.2108045756032,434.0,52015.0,259.540517158512,52015.0,22.0,834.374699605883,52015.0,20830,25.0,52015.0,81.0,148.034220897818,52015.0,52015.0
105718.0,105718.0,109.725874496301,105718.0,105718.0,67.1598024934259,"Bayside (C)",105718.0,71.0,105718.0,347.0,104.996310940426,193.0,1166.0,121.076827030402,1102.93422123006,886.320210370987,93.0,116.0,82.2944058722261,182.561153256777,165.0,937.0,156.075597343877,844.0,105718.0,328.231710777729,105718.0,87.0,798.350328231711,105718.0,20910,111.0,105718.0,128.0,87.9698821392762,105718.0,105718.0
14024.0,14024.0,28.5225328009127,14024.0,14024.0,85.5675984027382,"Benalla (RC)",14024.0,12.0,14024.0,28.0,null,76.0,213.0,106.959498003423,1518.8248716486,969.766115231033,15.0,4.0,null,541.928123217342,14.0,136.0,99.8288648031945,121.0,14024.0,199.657729606389,null,null,862.80661722761,null,21010,null,14024.0,15.0,106.959498003423,14024.0,14024.0
181289.0,181289.0,147.278654523992,181289.0,181289.0,69.5022864045805,"Boroondara (C)",181289.0,126.0,181289.0,664.0,156.104341686478,454.0,1996.0,36.9575649929119,1101.00447352018,848.920783941662,64.0,267.0,119.698382141222,250.428873235552,255.0,1539.0,140.659389152127,1475.0,181289.0,366.266017243186,181289.0,217.0,813.618035291717,181289.0,21110,283.0,181289.0,67.0,35.3027486499457,181289.0,181289.0
208714.0,208714.0,45.5168316452179,208714.0,208714.0,135.113121304752,"Brimbank (C)",208714.0,282.0,208714.0,617.0,78.0973006123212,346.0,2374.0,158.111099399178,1137.44166658681,905.545387468018,192.0,95.0,34.9760916852727,165.77709209732,172.0,1890.0,82.409421505026,1698.0,208714.0,295.619843422099,208714.0,73.0,813.553475090315,208714.0,21180,163.0,208714.0,330.0,91.9919123777035,208714.0,208714.0
null,6184.0,null,6184.0,6184.0,null,"Buloke (S)",6184.0,null,6184.0,7.0,null,57.0,143.0,64.6830530401035,2312.4191461837,1423.02716688228,4.0,null,null,921.733505821475,5.0,88.0,80.8538163001294,84.0,6184.0,113.195342820181,null,null,1358.34411384217,null,21270,null,6184.0,4.0,64.6830530401035,null,6184.0
37592.0,37592.0,50.5426686529049,37592.0,37592.0,93.1049159395616,"Campaspe (S)",37592.0,35.0,37592.0,81.0,21.2811236433284,247.0,722.0,162.268567780379,1920.62140881039,1268.88699723345,61.0,19.0,29.2615450095765,657.054692487763,38.0,477.0,101.08533730581,416.0,37592.0,215.4713768887,37592.0,11.0,1106.61842945308,37592.0,21370,8.0,37592.0,61.0,162.268567780379,37592.0,37592.0
107120.0,107120.0,33.6071695294996,107120.0,107120.0,35.4742345033607,"Cardinia (S)",107120.0,38.0,107120.0,121.0,5.60119492158327,168.0,365.0,28.0059746079164,340.739357729649,182.972367438387,30.0,36.0,28.0059746079164,156.833457804332,77.0,196.0,71.882001493652,166.0,107120.0,112.957430918596,107120.0,30.0,154.966392830471,107120.0,21450,6.0,107120.0,30.0,28.0059746079164,107120.0,107120.0
340419.0,340419.0,44.0633454654411,340419.0,340419.0,72.2638865633234,"Casey (C)",340419.0,246.0,340419.0,606.0,34.9569207359166,581.0,2181.0,65.8012625617254,640.681043067514,455.321236476225,175.0,150.0,37.8944771002794,170.672024769475,241.0,1550.0,70.7951083811421,1375.0,340419.0,178.015915680382,340419.0,129.0,403.914000099877,340419.0,21610,119.0,340419.0,224.0,51.407236376348,340419.0,340419.0
13209.0,13209.0,68.1353622530093,13209.0,13209.0,37.8529790294496,"Central Goldfields (S)",13209.0,5.0,13209.0,14.0,null,95.0,245.0,158.982511923688,1854.79597244303,1135.58937088349,21.0,9.0,60.5647664471194,719.206601559543,9.0,150.0,68.1353622530093,129.0,13209.0,105.988341282459,13209.0,8.0,976.6068589598,null,21670,null,13209.0,21.0,158.982511923688,13209.0,13209.0
21503.0,21503.0,55.8061665814072,21503.0,21503.0,120.913360926382,"Colac-Otway (S)",21503.0,26.0,21503.0,43.0,null,91.0,332.0,167.418499744222,1543.97060875227,1116.12333162814,36.0,12.0,37.2041110542715,423.196763242338,15.0,240.0,69.757708226759,204.0,21503.0,199.972096916709,21503.0,8.0,948.704831883923,null,21750,null,21503.0,36.0,167.418499744222,21503.0,21503.0
null,16140.0,null,16140.0,16140.0,61.9578686493185,"Corangamite (S)",16140.0,10.0,16140.0,22.0,null,108.0,263.0,173.482032218092,1629.49194547708,960.346964064436,28.0,null,null,669.144981412639,11.0,155.0,68.1536555142503,127.0,16140.0,136.307311028501,null,null,786.864931846344,null,21830,null,16140.0,28.0,173.482032218092,16140.0,16140.0
161609.0,161609.0,52.5960806638244,161609.0,161609.0,26.6074290416994,"Darebin (C)",161609.0,43.0,161609.0,185.0,21.6572096851042,146.0,580.0,29.7013161395714,358.890903353155,265.45551299742,43.0,85.0,42.0768645310595,90.3415032578631,107.0,429.0,66.2091838944613,386.0,161609.0,114.473822621265,161609.0,68.0,238.84808395572,161609.0,21890,35.0,161609.0,48.0,26.6074290416994,161609.0,161609.0
46818.0,46818.0,49.1264043743859,46818.0,46818.0,89.7090862488786,"East Gippsland (S)",46818.0,42.0,46818.0,99.0,19.2233756247597,190.0,631.0,106.796531248665,1347.77222435815,935.537613738306,47.0,23.0,36.3108206245461,405.826818744927,48.0,438.0,102.524669998718,391.0,46818.0,211.457131872357,46818.0,17.0,835.148874364561,46818.0,22110,9.0,46818.0,50.0,100.388739373745,46818.0,46818.0
141845.0,141845.0,58.5145757693257,141845.0,141845.0,219.253410412774,"Frankston (C)",141845.0,311.0,141845.0,731.0,193.87359441644,599.0,3135.0,174.133737530403,2210.15897634742,1745.56734463675,182.0,83.0,46.5296626599457,422.291938383447,145.0,2476.0,102.224258874123,2294.0,141845.0,515.351263703338,141845.0,66.0,1617.25827487751,141845.0,22170,275.0,141845.0,247.0,128.309069759244,141845.0,141845.0
null,10547.0,null,10547.0,10547.0,null,"Gannawarra (S)",10547.0,null,10547.0,10.0,null,72.0,174.0,237.034227742486,1649.7582250877,967.099649189343,25.0,null,null,682.65857589836,8.0,102.0,75.8509528775955,77.0,10547.0,94.8136910969944,null,null,730.065421446857,null,22250,null,10547.0,25.0,237.034227742486,null,10547.0
153858.0,153858.0,94.8926932626188,153858.0,153858.0,76.0441446008657,"Glen Eira (C)",153858.0,117.0,153858.0,430.0,102.042142755008,303.0,1591.0,30.547647831117,1034.070376581,835.185690701816,44.0,146.0,67.5947952007695,196.934836017627,156.0,1285.0,101.392192801154,1241.0,153858.0,279.478480157028,153858.0,104.0,806.58789273226,153858.0,22310,157.0,153858.0,47.0,28.5977979695563,153858.0,153858.0
19665.0,19665.0,50.8517670989067,19665.0,19665.0,111.873887617595,"Glenelg (S)",19665.0,22.0,19665.0,40.0,35.5962369692347,119.0,355.0,132.214594457157,1805.23773201119,1174.67581998474,21.0,10.0,30.511060259344,605.13602847699,11.0,231.0,55.9369438087974,210.0,19665.0,203.407068395627,19665.0,6.0,1067.88710907704,19665.0,22410,7.0,19665.0,26.0,106.788710907704,19665.0,19665.0
null,23120.0,null,23120.0,23120.0,30.2768166089965,"Golden Plains (S)",23120.0,7.0,23120.0,17.0,null,15.0,54.0,34.6020761245675,233.56401384083,164.359861591696,8.0,null,null,64.878892733564,10.0,38.0,43.2525951557093,30.0,23120.0,73.5294117647059,null,null,129.757785467128,null,22490,null,23120.0,8.0,34.6020761245675,23120.0,23120.0
116045.0,116045.0,85.3117325175578,116045.0,116045.0,186.134689129217,"Greater Bendigo (C)",116045.0,216.0,116045.0,477.0,142.186220862596,519.0,2522.0,180.96428109785,2173.29484251799,1718.29893575768,199.0,99.0,53.4275496574605,447.240294713258,96.0,1994.0,82.7265285018743,1795.0,116045.0,411.047438493688,116045.0,62.0,1546.81373605067,116045.0,22620,165.0,116045.0,210.0,171.48519970701,116045.0,116045.0
166094.0,166094.0,73.4523823858779,166094.0,166094.0,151.119245728323,"Greater Dandenong (C)",166094.0,251.0,166094.0,610.0,129.444772237408,497.0,2563.0,142.690283815189,1543.10209881152,1212.56637807507,184.0,122.0,59.6048021000157,299.22814791624,144.0,2014.0,86.6978939636591,1830.0,166094.0,367.261911929389,166094.0,99.0,1101.78573578817,166094.0,22670,215.0,166094.0,237.0,110.780642286898,166094.0,166094.0
252217.0,252217.0,76.1249241724388,252217.0,252217.0,182.382630829801,"Greater Geelong (C)",252217.0,460.0,252217.0,1148.0,175.245919188635,918.0,4828.0,142.734232823323,1914.22465575278,1535.58245479091,324.0,192.0,52.7323693486165,363.972293699473,246.0,3873.0,97.5350590959372,3549.0,252217.0,455.163609114374,252217.0,133.0,1407.12164524992,252217.0,22750,442.0,252217.0,360.0,128.460809540991,252217.0,252217.0
66007.0,66007.0,75.7495417152726,66007.0,66007.0,212.098716802763,"Greater Shepparton (C)",66007.0,140.0,66007.0,295.0,146.954110927629,401.0,1362.0,171.193964276516,2063.41751632403,1443.7862650931,105.0,50.0,53.0246792006908,607.511324556486,58.0,953.0,87.8694683897162,848.0,66007.0,446.922296120109,66007.0,35.0,1284.71222749102,66007.0,22830,97.0,66007.0,113.0,159.074037602073,66007.0,66007.0
null,15812.0,null,15812.0,15812.0,94.864659752087,"Hepburn (S)",15812.0,15.0,15812.0,29.0,null,86.0,209.0,25.2972426005565,1321.78092587908,771.565899316974,4.0,null,null,543.890715911966,14.0,122.0,88.5403491019479,118.0,15812.0,183.405008854035,null,null,746.268656716418,null,22910,null,15812.0,4.0,25.2972426005565,15812.0,15812.0
null,null,null,5645.0,5645.0,70.859167404783,"Hindmarsh (S)",null,4.0,5645.0,5.0,null,69.0,147.0,null,2604.07440212578,1381.75376439327,null,null,null,1222.32063773251,null,78.0,null,75.0,5645.0,88.5739592559787,null,null,1328.60938883968,null,22980,null,null,null,null,5645.0,5645.0
96470.0,96470.0,47.683217580595,96470.0,96470.0,57.0125427594071,"Hobsons Bay (C)",96470.0,55.0,96470.0,159.0,24.8782004768322,162.0,568.0,25.9147921633669,588.784077951695,419.819633046543,22.0,46.0,42.5002591479216,167.927853218617,80.0,405.0,82.9273349227739,383.0,96470.0,164.818078159013,96470.0,41.0,397.01461594278,96470.0,23110,24.0,96470.0,25.0,22.8050171037628,96470.0,96470.0
19875.0,19875.0,75.4716981132075,19875.0,19875.0,125.786163522013,"Horsham (RC)",19875.0,25.0,19875.0,49.0,50.314465408805,127.0,487.0,231.446540880503,2450.31446540881,1811.32075471698,46.0,15.0,45.2830188679245,638.993710691824,14.0,360.0,70.440251572327,314.0,19875.0,246.540880503145,19875.0,9.0,1579.87421383648,19875.0,23190,10.0,19875.0,46.0,231.446540880503,19875.0,19875.0
224394.0,224394.0,44.5644714208045,224394.0,224394.0,52.1404315623412,"Hume (C)",224394.0,117.0,224394.0,296.0,16.9344991399057,242.0,898.0,23.1735251388183,400.188953358824,291.005998377853,49.0,100.0,35.2059324224355,107.846020838347,141.0,653.0,62.8359047033343,604.0,224394.0,131.910835405581,224394.0,79.0,269.169407381659,224394.0,23270,38.0,224394.0,52.0,21.8365909961942,224394.0,224394.0
null,16490.0,null,16490.0,16490.0,42.4499696785931,"Indigo (S)",16490.0,7.0,16490.0,18.0,null,98.0,197.0,66.7070952092177,1194.66343238326,600.363856882959,11.0,null,null,594.299575500303,11.0,99.0,66.7070952092177,88.0,16490.0,109.157064887811,null,null,533.656761673742,null,23350,null,16490.0,11.0,66.7070952092177,16490.0,16490.0
163431.0,163431.0,72.2017242750763,163431.0,163431.0,56.2928697737883,"Kingston (C) (Vic.)",163431.0,92.0,163431.0,282.0,48.9503215424246,397.0,1320.0,28.1464348868942,807.680305450006,564.152455776444,43.0,118.0,58.1285068316292,242.915970654282,110.0,922.0,67.3066921208339,879.0,163431.0,172.549883437047,163431.0,95.0,537.841657947391,163431.0,23430,80.0,163431.0,46.0,26.3107978290532,163431.0,163431.0
163203.0,163203.0,84.5572691678462,163203.0,163203.0,92.5228090169911,"Knox (C)",163203.0,151.0,163203.0,433.0,86.395470671495,459.0,2015.0,123.159500744472,1234.65867661746,930.129960846308,160.0,138.0,64.337052627709,281.244830058271,141.0,1518.0,86.395470671495,1358.0,163203.0,265.313750359981,163203.0,105.0,832.09254731837,163203.0,23670,141.0,163203.0,201.0,98.0374135279376,163203.0,163203.0
75211.0,75211.0,67.8092300328409,75211.0,75211.0,164.869500472005,"Latrobe (C) (Vic.)",75211.0,124.0,75211.0,262.0,110.356197896584,250.0,1330.0,130.300089082714,1768.35835183683,1429.31220167263,93.0,51.0,43.8765606094853,332.398186435495,55.0,1075.0,73.1276010158088,982.0,75211.0,348.353299384399,75211.0,33.0,1305.66007631862,75211.0,23810,83.0,75211.0,98.0,123.652125354004,75211.0,75211.0
null,null,null,7513.0,7513.0,null,"Loddon (S)",null,null,7513.0,4.0,null,31.0,83.0,null,1104.75176360974,692.13363503261,null,null,null,412.618128577133,null,52.0,null,52.0,7513.0,53.2410488486623,null,null,692.13363503261,null,23940,null,null,null,null,null,7513.0
49388.0,49388.0,38.4708836154531,49388.0,49388.0,103.263950757269,"Macedon Ranges (S)",49388.0,51.0,49388.0,106.0,14.1734834372722,111.0,335.0,54.6691504009071,678.302421640884,453.551469992711,27.0,19.0,32.3965335709079,224.750951648174,48.0,224.0,97.1896007127237,197.0,49388.0,214.627034907265,49388.0,16.0,398.882319591804,49388.0,24130,7.0,49388.0,27.0,54.6691504009071,49388.0,49388.0
125508.0,125508.0,86.8470535742742,125508.0,125508.0,31.0737164164834,"Manningham (C)",125508.0,39.0,125508.0,210.0,31.0737164164834,166.0,624.0,21.5125729037193,497.179462663735,364.916977403831,27.0,109.0,70.9118143863339,132.262485259904,132.0,458.0,105.172578640405,431.0,125508.0,167.320011473372,125508.0,89.0,343.404404500112,125508.0,24210,39.0,125508.0,27.0,21.5125729037193,125508.0,125508.0
8979.0,8979.0,44.5483906893863,8979.0,8979.0,66.8225860340795,"Mansfield (S)",8979.0,6.0,8979.0,18.0,null,42.0,121.0,167.056465085199,1347.58881835394,890.967813787727,15.0,4.0,44.5483906893863,467.758102238557,12.0,80.0,133.645172068159,65.0,8979.0,200.467758102239,8979.0,4.0,723.911348702528,null,24250,null,8979.0,15.0,167.056465085199,8979.0,8979.0
91387.0,91387.0,110.519001608544,91387.0,91387.0,246.205696652697,"Maribyrnong (C)",91387.0,225.0,91387.0,513.0,228.697736001838,189.0,1493.0,48.1468917898607,1633.71157823323,1421.42755534157,39.0,101.0,76.5973278475057,206.812785188265,79.0,1299.0,86.4455557136135,1260.0,91387.0,561.348988368149,91387.0,70.0,1378.7519012551,91387.0,24330,209.0,91387.0,44.0,42.6756540864674,91387.0,91387.0
117498.0,117498.0,68.0862652981327,117498.0,117498.0,120.002042587959,"Maroondah (C)",117498.0,141.0,117498.0,352.0,97.0229280498391,304.0,1587.0,31.4898977003864,1350.66128785171,1091.9334797188,37.0,80.0,56.1711688709595,258.727808132904,97.0,1283.0,82.5545966739859,1246.0,117498.0,299.579567311784,117498.0,66.0,1060.44358201842,117498.0,24410,114.0,117498.0,37.0,31.4898977003864,117498.0,117498.0
169961.0,169961.0,339.489647625043,169961.0,169961.0,999.64109413336,"Melbourne (C)",169961.0,1699.0,169961.0,4215.0,1309.12385782621,735.0,10596.0,599.549308370744,6234.37141461865,5683.65683892187,814.0,577.0,274.768917575208,432.452150787534,291.0,9660.0,171.215749495472,8846.0,169961.0,2479.98070145504,169961.0,467.0,5204.72343655309,169961.0,24600,2225.0,169961.0,1019.0,478.933402368779,169961.0,169961.0
156713.0,156713.0,36.3722218322666,156713.0,156713.0,39.5627676070269,"Melton (C)",156713.0,62.0,156713.0,169.0,4.46676408466432,105.0,529.0,24.2481478881778,337.559742969632,270.558281699668,38.0,57.0,29.9911302827462,67.0014612699648,100.0,424.0,63.8109154952046,386.0,156713.0,107.840447186896,156713.0,47.0,246.31013381149,156713.0,24650,7.0,156713.0,38.0,24.2481478881778,156713.0,156713.0
55515.0,55515.0,55.840763757543,55515.0,55515.0,153.111771593263,"Mildura (RC)",55515.0,85.0,55515.0,168.0,86.4631180761956,162.0,830.0,135.098621994056,1495.09141673422,1194.27181842745,70.0,31.0,43.2315590380978,291.81302350716,35.0,663.0,63.046023597226,593.0,55515.0,302.620913266685,55515.0,24.0,1068.179771233,55515.0,24780,48.0,55515.0,75.0,126.092047194452,55515.0,55515.0
44299.0,44299.0,49.6625205986591,44299.0,44299.0,81.2659427978058,"Mitchell (S)",44299.0,36.0,44299.0,72.0,9.0295491997562,138.0,386.0,97.0676538973792,871.351497776474,553.059888485067,40.0,22.0,36.1181967990248,311.519447391589,32.0,245.0,72.2363935980496,205.0,44299.0,162.531885595612,44299.0,16.0,462.764396487505,44299.0,24850,4.0,44299.0,43.0,90.295491997562,44299.0,44299.0
29799.0,29799.0,40.2698077116682,29799.0,29799.0,63.760528876808,"Moira (S)",29799.0,19.0,29799.0,41.0,null,168.0,397.0,107.386153897782,1332.25947179436,768.482163831001,32.0,12.0,30.2023557837511,563.777307963354,22.0,229.0,73.827980804725,197.0,29799.0,137.588509681533,29799.0,9.0,661.096009933219,null,24900,null,29799.0,32.0,107.386153897782,29799.0,29799.0
200077.0,200077.0,95.9630542241237,200077.0,200077.0,310.38050350615,"Monash (C)",200077.0,621.0,200077.0,1469.0,330.372806469509,559.0,4404.0,221.414755319202,2201.15255626584,1877.27724825942,355.0,192.0,78.9695967052685,279.392433912944,187.0,3756.0,93.4640163537038,3401.0,200077.0,734.217326329363,200077.0,158.0,1699.84555945961,200077.0,24970,661.0,200077.0,443.0,177.431688799812,200077.0,200077.0
127883.0,127883.0,98.5275603481307,127883.0,127883.0,46.9178858800622,"Moonee Valley (C)",127883.0,60.0,127883.0,254.0,60.9932516440809,189.0,576.0,25.8048372340342,450.411704448598,301.838399161734,30.0,126.0,74.2866526434319,147.791340522196,116.0,386.0,90.7079127014537,356.0,127883.0,198.619050225597,127883.0,95.0,278.379456221703,127883.0,25060,78.0,127883.0,33.0,23.4589429400311,127883.0,127883.0
34158.0,34158.0,20.4930031032262,34158.0,34158.0,52.6962936940102,"Moorabool (S)",34158.0,18.0,34158.0,53.0,23.4205749751156,66.0,273.0,193.219743544704,799.227121025821,550.383511915218,47.0,7.0,17.5654312313367,193.219743544704,27.0,188.0,79.0444405410153,141.0,34158.0,155.161309210141,34158.0,6.0,412.787633936413,34158.0,25150,8.0,34158.0,66.0,137.595877978804,34158.0,34158.0
181725.0,181725.0,62.1818682074563,181725.0,181725.0,47.324253680011,"Moreland (C)",181725.0,86.0,181725.0,322.0,43.4722795432659,270.0,1153.0,29.7152290548906,634.475168523868,483.697895171275,50.0,113.0,42.3717155041959,148.576145274453,157.0,879.0,86.3942770669968,829.0,181725.0,177.190810290274,181725.0,77.0,456.183794194525,181725.0,25250,79.0,181725.0,54.0,27.5141009767506,181725.0,181725.0
165822.0,165822.0,80.2064864734474,165822.0,165822.0,56.0842349024858,"Mornington Peninsula (S)",165822.0,93.0,165822.0,345.0,56.0842349024858,487.0,1563.0,38.5956025135386,942.576980135326,645.270229523224,59.0,133.0,54.2750660346637,293.688412876458,159.0,1070.0,95.8859499945725,1011.0,165822.0,208.054419799544,165822.0,90.0,609.689908456055,165822.0,25340,93.0,165822.0,64.0,35.5803210671684,165822.0,165822.0
19514.0,19514.0,30.7471558880804,19514.0,19514.0,76.8678897202009,"Mount Alexander (S)",19514.0,15.0,19514.0,42.0,null,124.0,342.0,143.486727477708,1752.58788562058,1117.14666393359,28.0,6.0,30.7471558880804,635.441221686994,24.0,218.0,122.988623552321,190.0,19514.0,215.230091216562,19514.0,6.0,973.659936455878,null,25430,null,19514.0,28.0,143.486727477708,19514.0,19514.0
null,null,null,16887.0,16887.0,23.6868597145733,"Moyne (S)",null,4.0,16887.0,11.0,null,42.0,105.0,null,621.78006750755,390.83318529046,null,null,null,248.71202700302,7.0,66.0,41.4520045005033,63.0,16887.0,65.1388642150767,null,null,373.06804050453,null,25490,null,16887.0,null,null,16887.0,16887.0
null,14478.0,null,14478.0,14478.0,48.3492195054566,"Murrindindi (S)",14478.0,7.0,14478.0,13.0,null,56.0,131.0,41.4421881475342,904.82110788783,518.027351844177,6.0,null,null,386.793756043652,6.0,75.0,41.4421881475342,69.0,14478.0,89.7914076529907,null,null,476.585163696643,null,25620,null,14478.0,6.0,41.4421881475342,14478.0,14478.0
64941.0,64941.0,67.7538073020126,64941.0,64941.0,52.3552147333734,"Nillumbik (S)",64941.0,34.0,64941.0,109.0,9.23915554118354,63.0,227.0,41.5761999353259,349.54805130811,249.457199611955,24.0,44.0,49.2754962196455,97.0111331824271,69.0,162.0,106.250288723611,138.0,64941.0,167.844658998168,64941.0,32.0,212.500577447221,64941.0,25710,6.0,64941.0,27.0,36.9566221647341,64941.0,64941.0
null,11431.0,null,11431.0,11431.0,69.9851281602659,"Northern Grampians (S)",11431.0,8.0,11431.0,22.0,null,60.0,207.0,78.7332691802992,1810.86519114688,1285.97672994489,9.0,null,null,524.888461201995,12.0,147.0,104.977692240399,138.0,11431.0,192.459102440731,null,null,1207.24346076459,null,25810,null,11431.0,9.0,78.7332691802992,11431.0,11431.0
113200.0,113200.0,68.0212014134276,113200.0,113200.0,50.3533568904594,"Port Phillip (C)",113200.0,57.0,113200.0,213.0,30.9187279151943,73.0,385.0,23.8515901060071,340.106007067138,273.851590106007,27.0,77.0,52.1201413427562,64.4876325088339,121.0,310.0,106.890459363958,283.0,113200.0,188.162544169611,113200.0,59.0,250.0,113200.0,25900,35.0,113200.0,27.0,23.8515901060071,113200.0,113200.0
null,null,null,7353.0,7353.0,81.5993472052224,"Pyrenees (S)",null,6.0,7353.0,8.0,null,50.0,114.0,null,1550.38759689922,883.992928056576,null,null,null,679.99456004352,null,65.0,null,62.0,7353.0,108.799129606963,null,null,843.193254453964,null,25990,null,null,null,null,7353.0,7353.0
2982.0,null,134.138162307176,2982.0,2982.0,167.67270288397,"Queenscliffe (B)",null,5.0,2982.0,12.0,null,8.0,42.0,null,1408.45070422535,1106.63983903421,null,4.0,null,268.276324614353,7.0,33.0,234.741784037559,33.0,2982.0,402.414486921529,null,null,1106.63983903421,null,26080,null,2982.0,null,null,2982.0,2982.0
29576.0,29576.0,50.7167974033,29576.0,29576.0,84.5279956721666,"South Gippsland (S)",29576.0,25.0,29576.0,52.0,null,95.0,340.0,165.674871517447,1149.58074114147,831.755477414119,49.0,15.0,37.1923180957533,321.206383554233,26.0,246.0,87.9091154990533,197.0,29576.0,175.818230998107,29576.0,11.0,666.080605896673,null,26170,null,29576.0,49.0,165.674871517447,29576.0,29576.0
16135.0,16135.0,49.5816547877285,16135.0,16135.0,130.151843817787,"Southern Grampians (S)",16135.0,21.0,16135.0,46.0,68.1747753331267,111.0,372.0,117.756430120855,2305.54694762938,1617.60148744964,19.0,8.0,43.3839479392625,687.945460179734,14.0,261.0,86.7678958785249,242.0,16135.0,285.094515029439,16135.0,7.0,1499.84505732879,16135.0,26260,11.0,16135.0,19.0,117.756430120855,16135.0,16135.0
116207.0,116207.0,161.780271412221,116207.0,116207.0,203.946405982428,"Stonnington (C)",116207.0,237.0,116207.0,971.0,485.340814236664,288.0,3137.0,111.869336614834,2699.4931458518,2432.72780469335,109.0,188.0,110.148269897683,247.833607269786,170.0,2827.0,146.29067095786,2718.0,116207.0,835.577891176952,116207.0,128.0,2338.9296686086,116207.0,26350,564.0,116207.0,130.0,93.7981360847453,116207.0,116207.0
null,null,null,10645.0,10645.0,93.9408172851104,"Strathbogie (S)",null,10.0,10645.0,16.0,null,58.0,105.0,null,986.378581493659,432.127759511508,null,null,null,544.85674025364,6.0,46.0,56.3644903710662,43.0,10645.0,150.305307656177,null,null,403.945514325975,null,26430,null,10645.0,null,null,10645.0,10645.0
32251.0,32251.0,43.4095066819634,32251.0,32251.0,68.2149390716567,"Surf Coast (S)",32251.0,22.0,32251.0,47.0,null,50.0,198.0,49.6108647793867,613.93445164491,455.799820160615,13.0,14.0,37.20814858454,155.033952435583,25.0,147.0,77.5169762177917,134.0,32251.0,145.731915289448,32251.0,12.0,415.490992527363,null,26490,null,32251.0,16.0,40.3088276332517,32251.0,32251.0
20759.0,20759.0,67.4406281612794,20759.0,20759.0,139.698444048365,"Swan Hill (RC)",20759.0,29.0,20759.0,44.0,19.2687509032227,95.0,315.0,168.601570403199,1517.41413362879,1054.96411195144,35.0,14.0,38.5375018064454,457.632833951539,11.0,219.0,52.9890649838624,184.0,20759.0,211.95625993545,20759.0,8.0,886.362541548244,20759.0,26610,4.0,20759.0,35.0,168.601570403199,20759.0,20759.0
null,6054.0,null,6054.0,6054.0,null,"Towong (S)",6054.0,null,6054.0,10.0,null,44.0,102.0,115.626032375289,1684.83647175421,974.562272877436,7.0,null,null,726.792203501817,7.0,59.0,115.626032375289,52.0,6054.0,165.180046250413,null,null,858.936240502147,null,26670,null,6054.0,7.0,115.626032375289,null,6054.0
29087.0,29087.0,96.2629353319352,29087.0,29087.0,185.649946711589,"Wangaratta (RC)",29087.0,54.0,29087.0,135.0,165.022174854746,220.0,843.0,237.219376353698,2898.20194588648,2124.66050125486,64.0,28.0,61.8833155705298,756.35163475092,33.0,618.0,113.452745212638,554.0,29087.0,464.124866778973,29087.0,18.0,1904.63093478186,29087.0,26700,48.0,29087.0,69.0,220.029566472995,29087.0,29087.0
34862.0,34862.0,77.4482244277437,34862.0,34862.0,243.818484309563,"Warrnambool (C)",34862.0,85.0,34862.0,189.0,200.791692960817,196.0,941.0,240.95003155298,2699.2140439447,2136.99730365441,84.0,27.0,63.1059606448282,562.216740290287,34.0,745.0,97.5273937238254,661.0,34862.0,542.137570994206,34862.0,22.0,1896.04727210143,34862.0,26730,70.0,34862.0,84.0,240.95003155298,34862.0,34862.0
44019.0,44019.0,56.7936572843545,44019.0,44019.0,120.402553442832,"Wellington (S)",44019.0,53.0,44019.0,111.0,40.8914332447352,174.0,630.0,138.576523773825,1431.20016356573,1035.91630886663,61.0,25.0,40.8914332447352,395.283854699107,40.0,456.0,90.8698516549672,395.0,44019.0,252.163838342534,44019.0,18.0,897.339785092801,44019.0,26810,18.0,44019.0,61.0,138.576523773825,44019.0,44019.0
null,3862.0,null,3862.0,3862.0,null,"West Wimmera (S)",3862.0,null,null,null,null,27.0,83.0,103.573278094252,2149.14552045572,1501.81253236665,4.0,null,null,699.119627136199,null,58.0,null,54.0,3862.0,null,null,null,1398.2392542724,null,26890,null,null,4.0,103.573278094252,null,3862.0
176196.0,176196.0,94.7808122772367,176196.0,176196.0,233.830506935458,"Whitehorse (C)",176196.0,412.0,176196.0,1039.0,245.181502417762,512.0,3638.0,150.400690140525,2064.74607823106,1741.81025675952,210.0,167.0,79.4569683761266,290.585484346977,195.0,3069.0,110.672205952462,2859.0,176196.0,589.684215305682,176196.0,140.0,1622.62480419533,176196.0,26980,432.0,176196.0,265.0,119.18545256419,176196.0,176196.0
223322.0,223322.0,41.1961204001397,223322.0,223322.0,142.843069648311,"Whittlesea (C)",223322.0,319.0,223322.0,666.0,94.4824065698856,288.0,2225.0,109.259275843849,996.319216199031,851.237226963756,207.0,92.0,34.4793616392474,128.961768209133,136.0,1901.0,60.8986127654239,1694.0,223322.0,298.22408898362,223322.0,77.0,758.545956063442,223322.0,27070,211.0,223322.0,244.0,92.6912709003143,223322.0,223322.0
41429.0,41429.0,74.8268121364262,41429.0,41429.0,147.239856139419,"Wodonga (C)",41429.0,61.0,41429.0,117.0,43.4478264017958,176.0,727.0,294.479712278838,1754.80943300587,1327.57247338821,122.0,31.0,50.6891308020951,424.823191484226,38.0,550.0,91.7231890704579,428.0,41429.0,282.410871611673,41429.0,21.0,1033.09276110937,41429.0,27170,18.0,41429.0,122.0,294.479712278838,41429.0,41429.0
255322.0,255322.0,46.9994751725272,255322.0,255322.0,79.5074455001919,"Wyndham (C)",255322.0,203.0,255322.0,484.0,35.2496063793954,280.0,1632.0,98.3072355692028,639.19286234637,507.20266957019,196.0,120.0,39.1662293104394,109.66544206923,191.0,1295.0,74.8074979829392,1099.0,255322.0,189.564549862527,255322.0,100.0,430.436860121729,255322.0,27260,90.0,255322.0,251.0,76.7658094484612,255322.0,255322.0
98521.0,98521.0,92.3660945382203,98521.0,98521.0,515.626110169405,"Yarra (C)",98521.0,508.0,98521.0,1465.0,832.309862871875,388.0,4389.0,187.777225160118,4454.88779042032,4015.38758234285,140.0,91.0,73.0808660082622,393.824666822302,137.0,3956.0,139.056647821277,3816.0,98521.0,1486.99262086256,98521.0,72.0,3873.2858984379,98521.0,27350,820.0,98521.0,185.0,142.101683904954,98521.0,98521.0
158173.0,158173.0,49.9453130433133,158173.0,158173.0,37.3009299943732,"Yarra Ranges (S)",158173.0,59.0,158173.0,217.0,12.0121638964931,254.0,635.0,33.5076150796912,401.459161803848,240.243277929862,53.0,79.0,40.4620257566083,160.583664721539,139.0,380.0,87.8784621901336,327.0,158173.0,137.191556081,158173.0,64.0,206.73566285017,158173.0,27450,19.0,158173.0,53.0,33.5076150796912,158173.0,158173.0
null,6658.0,null,6658.0,6658.0,null,"Yarriambiack (S)",6658.0,null,6658.0,4.0,null,76.0,152.0,75.0976269149895,2282.96785821568,1141.48392910784,5.0,null,null,1141.48392910784,4.0,76.0,60.0781015319916,71.0,6658.0,60.0781015319916,null,null,1066.38630219285,null,27630,null,6658.0,5.0,75.0976269149895,null,6658.0
null,null,null,null,null,null,"Unincorporated Vic",null,null,null,null,null,null,null,null,null,null,null,null,null,null,null,null,null,null,null,null,null,null,null,null,29399,null,null,null,null,null,null
