Median House  Price - 2019,Column11,Column12,Column15,Column14,Column13
,2019,2020,Growth PA,change,change
locality,Median,Median,,2009-2019,2018-2019
ABBOTSFORD,1030000,1150000,4.7,58,-14
ABERFELDIE,1390000,1592500,5.9,77,-7
AINTREE,610000,675000,NA,NA,5
AIREYS INLET,985000,1005000,6.7,91,13
AIRPORT WEST,790000,900000,5.6,73,-7
ALBANVALE,512000,563000,6.2,83,-6
ALBERT PARK,1965000,1110000,6.5,87,-5
ALBION,675000,765000,6.8,93,-11
ALEXANDRA,325500,385000,4,48,-3
ALFREDTON,480000,500000,4.8,60,9
ALLANSFORD,300000,313000,2.2,24,22
ALPHINGTON,1570000,1410000,6.5,88,-8
ALTONA,882500,888500,5.9,77,-5
ALTONA EAST,842500,852500,6.9,95,-6
ALTONA MEADOWS,617500,650000,5.8,76,-2
ALTONA NORTH,788500,845000,6.5,88,-6
ANGLESEA,905000,1015000,5.9,77,5
APOLLO BAY,597500,680000,3.3,39,9
ARARAT,216500,228000,3.1,36,9
ARDEER,571500,590000,6.3,84,-9
ARMADALE,2462500,2325000,4.4,53,5
ARMSTRONG CREEK,540000,530500,NA,NA,1
ASCOT (GREATER BENDIGO),415500,454000,4.1,49,9
ASCOT VALE,1088500,1102000,5.7,74,-9
ASHBURTON,1651000,1480000,7.6,109,-4
ASHWOOD,1100000,1099000,5.6,72,-9
ASPENDALE,994000,1167500,6.1,82,1
ASPENDALE GARDENS,844000,898500,5.4,69,-10
ATTWOOD,767500,672500,4.7,58,2
AVENEL,370000,445000,5.7,74,6
AVOCA,219500,320000,5.1,65,0
AVONDALE HEIGHTS,810000,841000,5.8,76,-2
AVONSLEIGH,532500,NA,5.6,72,-1
BACCHUS MARSH,500000,490000,6,79,4
BADGER CREEK,498000,518500,6.5,87,0
BAIRNSDALE,274000,290000,2.3,26,-1
BALACLAVA,1310000,1430000,5.7,75,10
BALCOMBE,1109000,1007500,7.5,106,-11
BALLAN,450000,505000,6.1,80,-3
BALLARAT CENTRAL,520000,590000,7.6,107,17
BALLARAT EAST,360000,375500,5.8,76,6
BALLARAT NORTH,413500,425000,6,80,6
BALNARRING,825000,985000,7.8,112,1
BALNARRING BEACH,1275000,1175000,6,80,14
BALWYN,2392500,2321500,6.5,87,-1
BALWYN NORTH,1700000,1910000,5.7,73,-6
BANNOCKBURN,529000,580000,5.7,73,9
BARANDUDA,395000,449000,2.4,27,-2
BARNAWARTHA,316000,432500,5.1,65,13
BARWON HEADS,1007500,1130000,7.2,100,4
BAXTER,530000,541500,6.5,88,-2
BAYSWATER,715000,750500,6.8,92,-5
BAYSWATER NORTH,695000,759500,6.5,87,-3
BEACONSFIELD,690000,762500,5.2,65,-5
BEACONSFIELD UPPER,787500,815000,7.7,109,-13
BEAUFORT,242500,329000,3.8,45,8
BEAUMARIS,1582500,1610000,5.6,72,-5
BEEAC,195000,NA,2.8,32,2
BEECHWORTH,472000,480000,6.1,82,18
BELGRAVE,636000,664000,5.6,72,-6
BELGRAVE HEIGHTS,685000,702500,6.5,88,-2
BELGRAVE SOUTH,665500,NA,6.9,96,-15
BELL PARK,482000,510000,6.5,87,7
BELL POST HILL,475000,567500,5.7,74,-2
BELLBRIDGE,368500,524500,2.4,27,-7
BELLFIELD (BANYULE),770000,735000,5.3,68,-12
BELMONT,545000,570000,6.6,89,0
BENALLA,290000,260000,3.3,38,2
BENDIGO,420000,432500,6,79,5
BENTLEIGH,1382500,1432500,6.4,86,-1
BENTLEIGH EAST,1200000,1261000,6.5,88,0
BERWICK,673500,701500,5.8,76,-3
BEULAH,77000,81000,-0.4,-4,-36
BEVERIDGE,610000,610000,NA,0,10
BIRCHIP,107500,115000,5.6,73,7
BIRREGURRA,463000,507500,6.4,85,30
BITTERN,577500,620000,6.6,90,-11
BLACK HILL,495000,420000,7.4,105,22
BLACK ROCK,1777500,1617500,3.6,42,-12
BLACKBURN,1300000,1380500,6.4,86,-5
BLACKBURN NORTH,1010000,1116500,6.5,87,-3
BLACKBURN SOUTH,1038000,1170000,6.6,90,-1
BLACKWOOD,372500,NA,3.6,42,14
BLAIRGOWRIE,925000,955000,5.9,78,-6
BLIND BIGHT,552500,630000,5.6,72,1
BONBEACH,850000,903000,5.4,69,-7
BONNIE DOON,420000,290000,8.7,130,1
BONSHAW,389000,448000,NA,NA,4
BOOLARRA,245000,NA,3.6,42,-2
BOORT,185000,136500,5.7,75,3
BORONIA,684500,725000,6,79,-8
BOTANIC RIDGE,700000,693000,4,48,-4
BOX HILL,1528000,1620000,7,96,-10
BOX HILL NORTH,1200000,1272500,7.1,98,1
BOX HILL SOUTH,1154000,1370000,6.7,92,-10
BRAYBROOK,630000,690000,5.3,68,-12
BREAKWATER,405000,NA,6.3,84,5
BRIAGOLONG,315000,NA,5.8,75,19
BRIAR HILL,817000,962000,6.1,82,-7
BRIGHT,580000,645000,6.9,95,-2
BRIGHTON,2600000,2825000,4.3,53,-10
BRIGHTON EAST,1700000,1732500,4.7,59,-10
BROADFORD,417500,439000,6.5,87,5
BROADMEADOWS,526000,556500,5.1,64,-9
BROOKFIELD,445000,488500,3.8,45,-9
BROOKLYN,672500,605000,5,63,-3
BROWN HILL,449000,439500,7,97,11
BRUNSWICK,1030000,1208000,5.4,69,-6
BRUNSWICK EAST,995500,1085000,4.6,57,-15
BRUNSWICK WEST,1061000,1096500,5.8,77,-9
BRUTHEN,229000,215000,2,22,-12
BULLEEN,1100000,1245000,5.6,72,-11
BUNDALONG,515000,425000,1.8,20,11
BUNDOORA,727500,775000,5.8,76,0
BUNINYONG,475000,500000,5.8,76,2
BUNYIP,501000,470000,5.9,77,-9
BURNLEY,1188500,1902500,5,63,-9
BURNSIDE,605000,645000,5.8,75,0
BURNSIDE HEIGHTS,591000,600000,5.4,69,-7
BURWOOD,1165000,1183000,5.6,73,-12
BURWOOD EAST,1020000,1125500,6,79,-3
CAIRNLEA,752500,762500,6.8,93,3
CALIFORNIA GULLY,289000,318000,3.3,38,5
CAMBERWELL,2100000,1800000,6.2,82,-3
CAMPBELLFIELD,534500,500000,5.3,67,-3
CAMPBELLS CREEK,500000,495000,7.3,102,9
CAMPERDOWN,280000,250000,4.7,58,19
CANADIAN,377500,407000,4.2,50,1
CANN RIVER,125000,122000,1.9,20,-1
CANTERBURY,2832500,2250000,5.4,69,12
CAPE PATERSON,540000,659000,5.6,73,22
CAPE SCHANCK,940000,1018500,6.1,81,11
CAPEL SOUND,515000,625000,5.3,67,-6
CARISBROOK,300000,257000,7.1,99,29
CARLTON,1306000,1500000,5,63,-18
CARLTON NORTH,1555000,1397500,7.1,98,8
CARNEGIE,1310000,1336000,5.2,66,-9
CAROLINE SPRINGS,620000,631500,5.4,70,0
CARRUM,770000,900000,5.9,77,-10
CARRUM DOWNS,537500,577500,6.1,80,-7
CASTERTON,150000,169000,4,48,13
CASTLEMAINE,520000,579000,7.4,104,4
CAULFIELD,1658000,2082500,5.8,75,-3
CAULFIELD EAST,1372500,1748500,4.8,61,4
CAULFIELD NORTH,2100000,2205000,5.8,75,7
CAULFIELD SOUTH,1488000,1720000,5.8,75,-7
CHADSTONE,1000000,1229000,5.8,75,-5
CHARLEMONT,465000,540000,NA,0,2
CHARLTON,147000,215000,5.1,65,-2
CHELSEA,857500,880000,5.9,78,-5
CHELSEA HEIGHTS,750000,825000,6.3,85,-4
CHELTENHAM,1035500,1200000,5.7,74,-6
CHELTENHAM EAST,940000,1020000,5.8,76,0
CHELTENHAM NORTH,858000,967500,4.5,56,-7
CHEWTON,439500,576000,7.2,100,1
CHILTERN,223500,265000,-0.2,-2,-14
CHIRNSIDE PARK,685000,752500,5.4,69,-2
CHUM CREEK,575000,567500,7.1,98,-5
CHURCHILL,185000,230000,2.1,24,3
CLARINDA,815000,835000,5.5,71,2
CLAYTON,1100500,1121000,7,97,-12
CLAYTON NORTH,1405000,NA,9.2,142,5
CLAYTON SOUTH,832000,736500,6,80,-2
CLIFTON HILL,1352500,1432000,6.1,80,-1
CLIFTON SPRINGS,485000,517000,5.7,74,3
CLUNES,330000,285000,7.2,101,-4
CLYDE,549000,569500,4.9,61,8
CLYDE NORTH,584500,596500,NA,NA,-3
COBBLEBANK,480500,465000,NA,NA,5
COBDEN,237000,267500,2.8,32,5
COBRAM,272500,304000,2,22,7
COBURG,931000,1140000,5.7,74,-4
COBURG EAST,823500,941000,5.8,76,-2
COBURG NORTH,812500,915000,6,79,0
COCKATOO,580000,596000,7.2,100,-2
COHUNA,205000,220500,2.4,27,15
COLAC,315000,339000,4.4,54,-2
COLDSTREAM,635000,656000,6.5,88,-4
COLERAINE,136000,110000,1.3,13,19
COLLINGWOOD,1050000,1215000,5.6,72,-5
CONNEWARRE,1345000,1085000,6.9,95,12
COOLAROO,441000,480000,5.2,66,-8
COONANS HILL,902500,1047500,4.8,59,-3
COONGULLA,335000,310000,9.1,139,38
CORINELLA,357500,660000,2.6,29,-21
CORIO,354000,365000,6.1,80,-4
CORONET BAY,365000,375000,5.9,78,6
CORRYONG,236000,200000,5.2,66,45
COWES,560000,525000,4.7,58,4
COWES WEST,508500,472500,6.2,83,5
CRAIGIEBURN,530000,545000,4.9,62,-3
CRANBOURNE,500000,516500,6,79,-7
CRANBOURNE EAST,565000,560000,5.6,72,-2
CRANBOURNE NORTH,570000,570000,5.9,78,-5
CRANBOURNE WEST,520000,532500,6.3,84,-4
CREMORNE,1267000,1665000,6.4,86,-11
CRESWICK,345000,370000,5.8,76,5
CRIB POINT,527500,597500,6.6,89,-5
CROYDON,732500,762500,6.3,85,-7
CROYDON HILLS,835000,927500,5.8,76,-5
CROYDON NORTH,825000,895000,5.8,75,-2
CROYDON SOUTH,716000,706000,6.3,83,-5
CURLEWIS,560000,546000,NA,NA,13
DALLAS,451500,480000,4.5,56,-8
DALYSTON,373000,350000,6.4,87,22
DANDENONG,602000,630000,5.7,74,-6
DANDENONG NORTH,605000,636000,5.9,78,-5
DARLEY,520000,535000,7.3,103,3
DARTMOOR,157500,NA,0.6,6,26
DAYLESFORD,590000,650000,7.4,103,7
DEANSIDE,NA,NA,NA,NA,NA
DEEPDENE,2758000,NA,4.4,54,2
DEER PARK,550000,585000,6,80,-5
DELACOMBE,390000,368000,4.1,50,8
DELAHEY,530000,602000,5.5,71,-8
DENNINGTON,360000,427500,2.5,29,1
DERRIMUT,649000,637500,5.9,77,6
DERRINALLUM,221500,158500,4.5,55,81
DIAMOND CREEK,751500,749500,5.5,70,-4
DIGGERS REST,515000,500000,7.9,115,3
DIMBOOLA,120000,129000,2.9,33,-8
DINGLEY VILLAGE,810000,940000,5.6,73,-4
DINNER PLAIN,520000,452500,1.3,14,2
DONALD,135500,154500,3.9,46,-7
DONCASTER,1251500,1260000,6.1,82,-4
DONCASTER EAST,1190000,1317500,6.6,89,-3
DONVALE,1121000,1360000,6.4,87,-5
DOREEN,597500,606500,4.8,59,-1
DOVETON,470000,494000,5.8,75,-13
DROMANA,715500,680000,6.4,86,-9
DROUIN,440000,470000,6.1,81,-3
DRYSDALE,572500,615000,6.5,87,12
DUNKELD,225000,305000,0.7,7,-24
DUNOLLY,234500,209000,5.9,77,14
EAGLE POINT,360000,425000,4.3,52,17
EAGLEHAWK,321500,335000,4.1,50,2
EAGLEMONT,1799000,1777500,2.1,24,-8
EAST BAIRNSDALE,235000,335000,1.9,21,4
EAST BENDIGO,390000,387000,5.6,73,23
EAST GEELONG,625000,760000,6.5,87,-2
EAST MELBOURNE,3413500,2350000,7.3,103,28
EAST WARBURTON,446500,544500,6,79,4
EASTWOOD,410000,395000,2.8,32,6
ECHUCA,370000,382000,3.8,45,1
EDENHOPE,173000,NA,7.6,108,18
EDITHVALE,954000,1125000,7,97,-9
EILDON,251500,282500,3.6,43,-3
ELLIMINYT,445000,380000,5.3,68,16
ELMORE,235000,235000,3.8,45,3
ELSTERNWICK,1750000,2001000,5.9,78,-10
ELTHAM,925000,897500,5.9,77,-2
ELTHAM NORTH,930000,1006000,6.5,87,0
ELWOOD,1952500,1750000,5.7,74,-9
EMERALD,660000,737500,5.9,77,-10
ENDEAVOUR HILLS,620000,676000,5.7,74,-5
EPPING,550000,560000,4.8,60,-8
EPSOM,371500,410000,3.6,43,4
ESSENDON,1447000,1175000,6.2,83,-13
ESSENDON NORTH,1100000,1327500,5.4,69,1
ESSENDON WEST,1160000,995000,5.5,71,-5
EUMEMMERRING,540000,556500,5.4,69,-13
EUREKA,360000,315000,4.1,49,14
EUROA,309000,327500,5.9,77,14
EYNESBURY,558500,540000,0.6,6,2
FAIRFIELD,1290000,1390000,6.7,90,-2
FAIRHAVEN,1395000,1400000,6.8,92,37
FAWKNER,665000,708500,5.6,73,-8
FERNTREE GULLY,692000,742000,6.2,82,-6
FERNY CREEK,733000,925000,4.4,54,-12
FINGAL,1240000,1415000,9.1,138,-8
FITZROY,1392500,1135500,6,79,-4
FITZROY NORTH,1377500,1590000,6.4,86,-7
FIVEWAYS,485000,490000,4.2,52,-11
FLEMINGTON,1000000,1107500,5.6,72,8
FLINDERS,1670000,1300000,9.8,155,-2
FLORA HILL,370000,389000,5.1,64,5
FLOWERDALE,290000,420000,2.1,24,-26
FOOTSCRAY,810000,920000,4.8,60,-10
FOREST HILL,900000,1004000,6,79,-4
FOSTER,325000,362500,3.9,46,-3
FRANKSTON,580500,611500,6.3,84,-4
FRANKSTON NORTH,423000,455000,6,78,-16
FRANKSTON SOUTH,817500,785000,6.1,80,-4
FRASER RISE,598000,635000,NA,NA,-3
FYANSFORD,617500,750000,NA,NA,-5
GARDEN CITY,1375000,NA,4.3,53,-9
GARDENVALE,1740000,NA,7.7,111,-5
GARFIELD,540000,585000,7,96,0
GEELONG,720000,750000,6.3,85,-4
GEELONG WEST,675000,780000,6.9,94,-5
GEMBROOK,650000,630000,8,117,7
GISBORNE,730000,720000,7.6,109,-5
GLADSTONE PARK,636500,660000,6,80,1
GLEN HUNTLY,1380000,NA,5.1,65,13
GLEN IRIS,1929500,1860000,6.5,88,-1
GLEN WAVERLEY,1270000,1235000,6.8,92,-2
GLENGARRY,324000,342500,3.7,44,8
GLENROWAN,372500,NA,4.7,58,41
GLENROY,700000,740000,5.2,67,-3
GOLDEN BEACH,220000,310000,3.7,44,-2
GOLDEN POINT (BALLARAT),370000,385000,5.8,76,6
GOLDEN SQUARE,340000,352000,4.3,52,2
GORDON,495000,649500,6.5,89,23
GOUGHS BAY,299500,500000,5,64,-13
GOWANBRAE,700500,820000,4.5,56,-4
GRANTVILLE,397500,421000,6.2,82,-1
GREEN LAKE,290000,361000,2.3,26,7
GREENSBOROUGH,797500,832500,6.1,81,-2
GREENVALE,715000,728000,4.2,50,-1
GROVEDALE,505000,551500,5.6,73,2
HADFIELD,727500,712500,5.7,74,-2
HALLAM,560000,590000,5.5,70,-11
HALLS GAP,310000,400500,3,35,-13
HAMILTON,208500,250000,1.2,13,-7
HAMLYN HEIGHTS,540000,560000,6.2,83,-1
HAMPTON,1896000,1650000,5.6,72,0
HAMPTON EAST,1195000,1252500,6.2,83,-3
HAMPTON PARK,502000,532000,5.5,70,-9
HARKNESS,475000,470000,5.3,68,-2
HASTINGS,506000,555000,5.4,69,-3
HASTINGS WEST,430000,561000,6.5,87,-10
HAWTHORN,2195500,2578000,5.9,77,-12
HAWTHORN EAST,2050000,1857500,6,79,-7
HEALESVILLE,579500,574000,6.4,85,-4
HEATHCOTE,332500,357500,5.8,75,7
HEATHERTON,965000,890000,5.4,70,3
HEATHMONT,871000,910000,7.2,100,-7
HEIDELBERG,1122500,1302000,4.4,54,1
HEIDELBERG HEIGHTS,777500,752500,5.6,72,-5
HEIDELBERG WEST,665000,790000,5.9,78,-5
HEPBURN,452500,485000,3.7,44,6
HEPBURN SPRINGS,595000,559000,5.6,73,21
HERNE HILL,534000,560000,6.7,91,-3
HEYFIELD,195000,227500,2.3,26,-6
HEYWOOD,178000,176500,1.8,19,7
HIGHETT,1229500,1350000,6.6,89,-4
HIGHTON,690000,697000,6,79,1
HILLSIDE (MELTON),642000,652500,6.1,81,0
HOPETOUN,66000,142500,-1.1,-10,-23
HOPPERS CROSSING,528500,545000,6.4,87,-4
HORSHAM,269000,260000,4.3,53,5
HUGHESDALE,1150500,1480000,5.2,66,-10
HUNTINGDALE,914000,1278000,5,63,-10
HUNTLY,367500,372500,3.5,41,3
HURSTBRIDGE,700000,740000,5.7,74,-4
INDENTED HEAD,606000,728500,6.5,88,5
INGLEWOOD,185000,250000,3.6,42,3
INVERLEIGH,503000,500000,7.7,110,-5
INVERLOCH,592500,649000,4.6,56,-1
INVERMAY PARK,475000,497000,4.5,56,2
IRONBARK,296000,465500,2.7,31,-8
IRYMPLE,380000,365000,5.9,77,23
IVANHOE,1540000,1422500,6.7,92,-4
IVANHOE EAST,1765000,1990000,6.3,84,-8
JACANA,512500,510000,4.8,60,-8
JACKASS FLAT,331500,345000,2.4,27,7
JAMIESON,311500,345000,4.9,61,17
JAN JUC,870000,860000,6.4,86,-4
JEERALANG NORTH,235000,296000,3.8,46,39
JEPARIT,81000,88000,2,21,5
JUNCTION VILLAGE,483500,467500,5.7,75,-5
JUNORTOUN,530000,589000,2.1,23,5
KALIMNA,292500,325000,0.9,10,-10
KALKALLO,532500,540000,NA,0,-3
KALLISTA,700000,564000,5.5,71,-5
KALORAMA,645000,642000,6.3,84,-6
KANGAROO FLAT,340000,370000,3.9,46,5
KANGAROO GROUND SOUTH,815500,1080000,4.7,58,-12
KANIVA,169500,137500,5.8,77,3
KEALBA,596000,600000,6.6,90,-3
KEILOR,836500,830000,5.1,64,3
KEILOR DOWNS,630000,650000,5.5,70,-5
KEILOR EAST,835000,858000,6.3,84,1
KEILOR LODGE,740000,NA,6,78,3
KEILOR PARK,708000,660000,5.7,74,-8
KENNINGTON,373500,411000,3.5,41,-3
KENSINGTON,980000,1150000,5.6,72,-4
KERANG,170000,160000,1.4,15,-4
KEW,2255000,2200000,5,62,-4
KEW EAST,1837000,1905000,7,97,2
KEW NORTH,1833000,2307500,6.9,95,-1
KEYSBOROUGH,740000,745000,7,97,-4
KIALLA,450000,420000,3.5,41,8
KILCUNDA,533000,662000,6.2,82,8
KILLARA (WODONGA),453500,413000,7.9,113,8
KILMORE,435000,467500,4.7,59,-1
KILSYTH,642500,700000,5.7,74,-6
KILSYTH SOUTH,761500,848000,5.7,74,-8
KINGLAKE,555000,630000,7.7,109,16
KINGS PARK,510000,537500,6,79,-7
KINGSBURY,660000,700500,4.6,57,-10
KINGSVILLE,1010000,875000,6.3,85,2
KNOXFIELD,760000,829000,6.1,81,-7
KOO WEE RUP,550000,510000,7,96,8
KOONDROOK,212500,215000,4.3,53,-21
KOROIT,345000,341000,5.1,64,-1
KORUMBURRA,319000,378000,4.1,49,0
KURUNJANG,420500,440000,5.7,74,-3
KYABRAM,263000,270000,3,35,1
KYNETON,595000,620000,8.2,121,8
LAKE BOGA,239000,211500,4.8,60,9
LAKE GARDENS,552500,635000,4.7,58,-4
LAKE TYERS BEACH,357500,400000,4.3,52,19
LAKE WENDOUREE,836500,995000,7.6,107,8
LAKES ENTRANCE,310000,320000,1.8,19,-5
LALOR,590500,627500,5.8,76,-6
LANCEFIELD,500000,510000,6.7,92,10
LANG LANG,495000,530000,6.9,95,4
LANGWARRIN,617500,644000,6.4,86,-4
LARA,495000,552500,5.9,77,-4
LARA LAKE,540000,542000,5.9,78,2
LAUNCHING PLACE,554000,520000,6.9,95,4
LAVERTON,529000,542500,5.5,71,-9
LAVERTON SOUTH,622500,665000,5.8,75,-4
LEARMONTH,331000,307000,4.3,53,1
LENEVA,426000,455000,2.8,31,10
LEONGATHA,367000,386000,3.8,45,2
LEOPOLD,510000,540000,5.1,65,2
LILYDALE,680000,708500,5.7,74,-4
LINTON,256500,337500,3.9,46,8
LISMORE,144500,237500,2.7,31,9
LOCH SPORT,244000,220000,4.9,62,6
LOCKINGTON,222000,NA,6,79,21
LONG GULLY,280000,269500,4.5,56,4
LONGWARRY,405000,475500,5.1,64,-1
LORNE,1295000,1625000,5.5,72,2
LOVELY BANKS,570000,445000,4.9,61,9
LOWER PLENTY,905000,1491500,4.4,53,-14
LUCAS,431000,502500,NA,NA,9
LUCKNOW,275000,502500,1.9,21,-2
LYNBROOK,623000,617500,5.1,64,-3
LYNDHURST,665000,687500,6.4,86,-4
LYSTERFIELD,956500,940000,6.8,93,-2
LYSTERFIELD SOUTH,1045000,NA,2.4,27,-18
MACEDON,800000,725000,7.6,108,-2
MACLEOD,914500,967000,6.4,86,-1
MACS COVE,300000,NA,6,80,11
MADDINGLEY,460000,515000,6,78,4
MAFFRA,255000,293000,2.5,28,-2
MAIDEN GULLY,512500,480000,4.3,52,3
MAIDSTONE,779000,715000,5.3,68,-3
MALDON,510000,395000,7.6,108,21
MALLACOOTA,406500,402500,4.1,49,40
MALMSBURY,475000,560000,6.7,92,3
MALVERN,2550000,2355000,5.1,64,-4
MALVERN EAST,1770000,1610000,6.4,86,-7
MANANGATANG,97000,110000,1.3,14,18
MANIFOLD HEIGHTS,715000,1437500,5.7,74,-9
MANOR LAKES,535000,555000,5.6,72,2
MANSFIELD,456000,394000,6.2,82,6
MARENGO,687500,810000,6.5,88,15
MARIBYRNONG,987500,955000,4.9,62,-4
MARONG,420000,375000,6.7,92,15
MARSHALL,486500,465000,5.1,64,4
MARYBOROUGH,235500,245000,4.5,55,3
MARYSVILLE,462500,NA,6.8,93,-3
MCCRAE,795000,770000,6.5,88,-6
MCKENZIE HILL,536500,538000,3.6,43,8
MCKINNON,1525000,1875000,5.9,77,-2
MEADOW HEIGHTS,472500,481500,4.6,57,-7
MELTON,385000,390000,5.9,77,-7
MELTON SOUTH,390000,400500,6.1,81,-6
MELTON WEST,424000,475000,5.6,72,-6
MENTONE,1028000,972500,5.6,72,-5
MENZIES CREEK,682500,680000,7.1,99,-10
MERBEIN,210000,198500,3.4,39,17
MERINDA PARK,477000,545000,5.6,72,-9
MERNDA,552000,535000,4.7,58,-4
MERRIJIG (MANSFIELD),422500,NA,2.4,27,-8
METUNG,425000,450000,5,63,14
MICKLEHAM,525000,545000,NA,NA,1
MIDDLE PARK,2705000,3555000,7.6,108,2
MILDURA,310000,317500,4.2,51,10
MILL PARK,654000,681000,6,79,0
MILLGROVE,415000,440000,6.7,92,1
MINERS REST,428000,434000,4.3,53,7
MINYIP,114500,95000,2.8,32,41
MIRBOO NORTH,327500,371500,3.6,42,7
MITCHAM,942000,1085500,6.4,87,-6
MITCHELL PARK,313000,325000,3.2,37,3
MOE,210000,232500,4.5,56,5
MONBULK,630000,633500,6.8,94,-3
MONT ALBERT,1680000,2050000,4.6,56,-16
MONT ALBERT NORTH,1380000,1720000,5.7,74,-4
MONTMORENCY,856000,904500,6.1,81,-8
MONTROSE,707500,711000,6.3,84,-4
MOONEE PONDS,1300000,1300000,6.7,92,-4
MOORABBIN,1050000,1211000,6,78,-7
MOOROOLBARK,670000,710500,6.1,81,-7
MOOROOPNA,249000,265000,2,21,8
MORDIALLOC,1010000,1390000,5.8,76,-3
MORNINGTON,800000,825000,6.5,87,-6
MORTLAKE,164000,160000,0.7,7,-1
MORWELL,180000,177000,2.5,29,8
MOUNT BEAUTY,294000,290000,5,63,10
MOUNT CLEAR,396500,415000,5.3,68,5
MOUNT DANDENONG,662000,785000,3.9,47,2
MOUNT DUNEED,563000,565000,1.1,11,1
MOUNT ELIZA,1157500,1280000,6.4,85,-5
MOUNT EVELYN,636000,705500,6.5,87,-5
MOUNT HELEN,418500,472500,3.1,36,0
MOUNT MACEDON,775000,1036000,5,63,-10
MOUNT MARTHA,1252500,1230000,7.5,107,4
MOUNT PLEASANT,377500,400000,6,79,8
MOUNT WAVERLEY,1267000,1350000,6.2,83,-4
MULGRAVE,840000,928000,5.8,76,-2
MURCHISON,244500,358500,3.9,47,9
MURRUMBEENA,1241500,1495000,5.1,64,-8
MURTOA,119000,132500,2.6,29,8
MYRTLEFORD,315000,327500,5.2,66,7
NAGAMBIE,414000,425000,7,97,7
NARRE WARREN,590000,602500,6.3,84,-4
NARRE WARREN NORTH,1075000,1185000,5.2,67,-9
NARRE WARREN SOUTH,625000,643000,5.7,73,-2
NATHALIA,229000,227500,3.3,39,9
NATIMUK,148500,370000,1.5,16,-6
NEERIM SOUTH,394000,655000,4.1,50,-3
NELSON,247500,210000,2.8,32,-3
NERRINA,617500,625000,7.5,106,7
NEW GISBORNE,695000,715000,6.5,88,-8
NEWBOROUGH,256000,252000,4,48,2
NEWCOMB,435000,464000,6.6,90,-4
NEWINGTON,495000,585000,6.9,95,6
NEWLANDS ARM,444000,397000,4.7,59,21
NEWPORT,1055000,1010000,6.5,88,0
NEWSTEAD,436000,409500,8.2,121,39
NEWTOWN (GREATER GEELONG),825000,1005000,7,96,-2
NHILL,137000,107500,1,10,-8
NICHOLS POINT,430000,435000,3.3,39,-9
NIDDRIE,1070000,845000,6,80,0
NOBLE PARK,629000,653000,6,80,-8
NOBLE PARK NORTH,610000,656500,5.7,74,-8
NOOJEE,224000,411500,1.1,11,-12
NORLANE,349000,366500,8.1,118,-2
NORTH BENDIGO,325000,363500,4.7,58,5
NORTH GEELONG,500000,653500,7.3,102,1
NORTH MELBOURNE,1297500,1135000,7.9,114,10
NORTH WONTHAGGI,389000,390000,3.9,47,5
NORTHCOTE,1300000,1265000,6.9,94,-3
NOTTING HILL,875500,1527000,6.1,81,-9
NUMURKAH,252500,232000,3.9,47,12
NUNAWADING,950000,1185000,6.4,86,-4
NYAH WEST,85000,110000,-0.5,-4,-37
NYORA,370000,472000,7.3,103,9
OAK PARK,840000,703000,5.2,66,-4
OAKLEIGH,1101000,990000,5.9,78,-12
OAKLEIGH EAST,942000,935000,5.5,70,-5
OAKLEIGH SOUTH,908000,983000,5.5,70,-5
OCEAN GROVE,695000,682500,6.1,81,1
OFFICER,550000,585000,4.9,62,0
OFFICER SOUTH,686000,864000,NA,NA,20
OLINDA,748000,690000,7,98,-2
ORBOST,185500,200000,1.8,20,12
ORMOND,1467500,1565000,6.2,82,-8
OSBORNE,780000,815000,6.3,84,3
OUYEN,99000,114000,-1,-10,6
PAKENHAM,485000,520500,4.7,59,-7
PARADISE BEACH,200000,249000,1.6,18,1
PARK ORCHARDS,1460000,1720000,6,79,-1
PARKDALE,1155000,1200500,6.3,85,-7
PARKVILLE,1480000,1657500,1.3,14,-39
PASCOE VALE,858500,920000,5.4,69,-5
PASCOE VALE SOUTH,950000,929500,5.6,72,-1
PATTERSON GARDENS,920000,935000,5.8,76,3
PATTERSON LAKES,923000,1300000,5.8,75,-10
PAYNESVILLE,339000,380000,2.1,23,-4
PEARCEDALE,670000,695000,7.4,104,2
PENSHURST,165000,130000,1.5,16,0
PETERBOROUGH,419000,425000,4.6,57,-7
PIONEER BAY,310000,319000,5.3,68,1
PLENTY,1301000,959000,6.2,82,-4
POINT COOK,640500,650000,4.8,60,1
POINT LONSDALE,827500,890000,4.1,49,-1
POOWONG,443000,285000,9,138,41
POREPUNKAH,535000,467500,7.6,108,15
PORT ALBERT,250000,461000,3.7,44,4
PORT FAIRY,630000,632500,6.6,90,-3
PORT FRANKLIN,302500,323500,3.5,41,18
PORT MELBOURNE,1375000,1780000,5,63,-8
PORT WELSHPOOL,315000,365000,5.4,69,7
PORTARLINGTON,621500,619000,6,79,-3
PORTLAND,267500,320000,3.2,37,14
PORTLAND NORTH,276000,541000,2.1,23,-25
PORTSEA,1950000,2515000,5.9,77,-11
PRAHRAN,1510000,1785000,5.6,72,-4
PRESTON,936500,1010000,6.1,81,-4
PRINCES HILL,2035000,1375500,8.9,134,23
PYRAMID HILL,120000,115000,1.7,19,20
QUARRY HILL,395000,369000,4.6,57,-3
QUEENSCLIFF,950000,990000,5.1,64,0
RAINBOW,75000,77500,0.8,9,-24
RAWSON,156000,120000,0,0,-5
RAYMOND ISLAND,300000,525000,2.2,24,-17
RED CLIFFS,217500,240000,4.1,50,3
REDAN,357000,365000,6.1,81,8
RESEARCH,930000,1515000,5.7,73,2
RESERVOIR,750000,827000,5.7,74,-5
RHYLL,565000,510000,3.5,41,-14
RICHMOND,1255000,1220000,5.6,73,-4
RIDDELLS CREEK,695000,680000,8.4,124,3
RINGWOOD,813500,899000,6,79,-10
RINGWOOD EAST,809000,975500,6.2,83,-8
RINGWOOD NORTH,871000,870000,6,78,-5
RIPPLESIDE,810000,768500,8.1,117,8
ROBINVALE,225000,198500,2,22,2
ROCHESTER,255000,250000,3.8,46,8
ROCKBANK,497000,480000,8.7,131,-1
ROMSEY,580500,627500,6.7,92,6
ROSANNA,1042500,1122500,5.9,78,-5
ROSEBUD,545000,587500,5.9,77,-8
ROSEBUD SOUTH,682500,842500,7,96,-4
ROSEDALE,247000,210000,4.1,50,-12
ROWVILLE,820500,801500,5.8,75,-2
ROXBURGH PARK,540000,577500,4.7,59,-1
RUSHWORTH,197500,185000,2.8,32,0
RUTHERGLEN,280000,330000,4.8,59,4
RYE,690000,700500,6.1,82,-2
SAFETY BEACH,785000,980000,6.7,92,-8
SAILORS GULLY,280000,211000,3.8,45,-3
SALE,325000,341000,2.7,30,6
SAN REMO,554500,670000,4.4,53,8
SANCTUARY LAKES,620000,600000,3.1,36,-2
SANDHURST,815000,785000,8.7,131,-3
SANDRINGHAM,1650000,1770000,4.8,60,-11
SANDY POINT,410000,517500,3.2,37,0
SASSAFRAS,805000,768000,6.5,88,7
SCORESBY,767000,790000,6.8,94,-8
SEA LAKE,100000,117500,4.4,54,-9
SEABROOK,626500,655000,6,79,-7
SEAFORD,655000,681500,6.3,85,-6
SEAHOLME,1020000,1270000,4.4,54,0
SEASPRAY,265000,443000,6.2,83,26
SEBASTOPOL,315000,350000,4,49,9
SEDDON,960000,1038000,6.4,86,-6
SELBY,601500,680000,4.6,56,-6
SEVILLE,620000,625500,6.3,85,-2
SEVILLE EAST,580000,NA,6.2,83,5
SEYMOUR,300000,300000,5,63,2
SHEPPARTON,282000,283000,2.1,23,3
SHEPPARTON NORTH,393000,453000,NA,0,18
SHOREHAM,1500000,1560000,8,117,29
SILVERLEAVES,618500,571000,4.7,59,-14
SKENES CREEK,667500,855000,4,48,15
SKIPTON,200000,212000,6.2,82,25
SKYE,600000,630000,6.2,82,-2
SMITHS BEACH,624500,560000,6.7,92,6
SMYTHESDALE,340000,121000,10.3,167,17
SOLDIERS HILL,480000,548000,7.8,111,7
SOMERS,950000,835000,6.7,92,7
SOMERVILLE,600000,603000,6.3,84,-2
SORRENTO,1465000,1360000,8,115,6
SOUTH DUDLEY,339000,297500,4.9,61,26
SOUTH GEELONG,702500,687500,6.2,83,4
SOUTH KINGSVILLE,859000,990000,5.4,69,-14
SOUTH MELBOURNE,1355000,1412500,4,48,-8
SOUTH MORANG,625500,655000,5.5,71,-1
SOUTH YARRA,1767500,1817500,3.2,37,-4
SPOTSWOOD,960000,1135000,6.6,89,-11
SPRING GULLY,386500,375000,2.7,30,-3
SPRINGVALE,743000,800000,6.2,82,-5
SPRINGVALE SOUTH,678000,712000,6.1,81,-6
ST ALBANS,590000,590000,6.6,90,-6
ST ALBANS PARK,422000,445000,4.6,57,-6
ST ANDREWS BEACH,930000,992500,5.9,78,3
ST ARNAUD,175000,155000,3.4,40,21
ST HELENA,905000,990000,6.3,85,-1
ST KILDA,1600000,1271500,6.8,94,-9
ST KILDA EAST,1560000,1709500,6.1,81,-4
ST KILDA WEST,2078500,NA,4.3,53,7
ST LEONARDS,562500,501000,7,97,-2
STANHOPE,174000,180000,2.7,31,8
STAWELL,189000,220000,2.7,30,-1
STRATFORD,316500,320000,3.2,38,23
STRATHDALE,453500,543000,4.3,52,8
STRATHFIELDSAYE,476500,533500,4.6,56,7
STRATHMERTON,195000,NA,2.7,30,4
STRATHMORE,1310000,995000,5.7,75,-3
STRATHMORE HEIGHTS,800000,650000,5.5,71,-10
STRATHTULLOH,515000,449500,NA,NA,21
STUDFIELD,811000,870000,6.6,89,-10
SUNBURY,535000,555000,6.1,80,-2
SUNDERLAND BAY,412000,511000,4.8,60,-9
SUNNYCLIFFS,239000,245000,1.7,18,10
SUNSET STRIP,460000,510500,6.3,84,18
SUNSHINE,720000,830000,6.3,85,-2
SUNSHINE NORTH,630000,652500,5.8,75,-8
SUNSHINE WEST,635000,648000,6.3,84,0
SURF BEACH,510000,510000,5.9,77,6
SURREY HILLS,1886500,1650000,6.4,86,-1
SWAN HILL,285000,315000,1.9,21,7
SYDENHAM,599500,600500,4.9,62,-3
SYNDAL,1524500,2147500,7.2,101,0
TALLANGATTA,251500,325000,3.3,39,3
TARNEIT,555000,549000,5.5,71,-2
TATURA,276500,275000,3.6,42,11
TAWONGA,460000,370000,6.9,96,30
TAWONGA SOUTH,400000,377500,5,63,29
TAYLORS HILL,702500,680500,6.5,87,-3
TAYLORS LAKES,748500,742500,6,78,-2
TECOMA,662500,727500,5.9,77,-5
TEMPLESTOWE,1276500,1553000,5.8,75,-2
TEMPLESTOWE LOWER,1080000,1215000,5.5,71,-6
TERANG,190000,203500,2.2,24,-2
THE BASIN,695000,801000,6.5,88,2
THE HONEYSUCKLES,336000,262500,8.1,118,16
THE PATCH,755000,NA,6.8,94,3
THOMASTOWN,592000,629000,5.3,67,-7
THOMSON (GREATER GEELONG),400500,425000,6.4,86,-3
THORNBURY,1135000,1158000,6.5,88,-1
THORNHILL PARK,535000,550000,NA,NA,1
TIMBOON,260000,405000,2.5,28,5
TONGALA,234500,212500,4,48,-15
TOONGABBIE,270000,225000,2,22,-4
TOORA,275000,222500,5.9,77,14
TOORADIN,700000,535000,8.3,121,0
TOORAK,4361000,4500000,4.9,61,-7
TOOTGAROOK,580000,550000,6.3,84,-3
TORQUAY,820000,800000,5.6,73,1
TRAFALGAR,397500,420000,6.3,84,6
TRARALGON,325000,311000,3.5,41,9
TRARALGON EAST,470000,474500,2.1,24,11
TRAVANCORE,1125000,NA,5.8,76,-24
TRENTHAM,614000,632500,10,159,2
TRUGANINA,575000,580000,5.9,77,0
TULLAMARINE,612000,645500,4.9,61,-8
TYABB,580500,560000,7.1,99,6
TYLDEN,492500,505000,8.6,129,-2
UPPER FERNTREE GULLY,642500,700000,6.3,84,-8
UPWEY,702500,792500,6.3,85,-1
VENTNOR,535000,560000,3.4,40,9
VENUS BAY,330000,350000,3.3,39,8
VERMONT,937000,1038000,6.1,80,-4
VERMONT SOUTH,1166500,1220000,7.1,98,1
VIEWBANK,920000,980000,5.8,75,-1
VIOLET TOWN,287500,279000,4.8,60,19
WAHGUNYAH,355000,395000,6.5,87,48
WALKERVILLE,334500,285000,6.6,90,26
WALLAN,477500,485000,5.2,66,-3
WALLAN EAST,450000,445000,6.9,96,-8
WANDANA HEIGHTS,766500,990000,5.2,67,10
WANDIN NORTH,627500,695000,6.5,87,-6
WANGARATTA,319000,325000,3.4,40,0
WANTIRNA,860000,921000,6.6,89,-6
WANTIRNA SOUTH,988500,1085000,6.3,85,-1
WARBURTON,515000,530000,7.1,99,4
WARNEET,512500,600000,6.4,86,-4
WARRACKNABEAL,118000,123000,2.7,31,5
WARRAGUL,460000,470000,6.4,86,2
WARRANDYTE,987500,950000,5.6,72,-11
WARRANWOOD,935000,890000,5.4,69,-7
WARRNAMBOOL,370000,391500,2.3,25,6
WATERWAYS,1270000,1475000,9,137,14
WATSONIA,736000,765000,5.5,71,-7
WATSONIA NORTH,726500,770000,5.3,67,-6
WATTLE GLEN,778500,918000,5.6,73,-4
WAURN PONDS,641500,575000,5.5,71,3
WEDDERBURN,138500,125000,7.1,98,7
WEIR VIEWS,462500,465000,NA,NA,-2
WENDOUREE,335000,365000,5,63,3
WENDOUREE WEST,257500,300000,4.6,58,5
WERRIBEE,510000,510000,6.8,94,0
WERRIBEE SOUTH,744500,590000,5.9,77,1
WESBURN,530000,665000,6.7,91,14
WEST FOOTSCRAY,787500,852500,5.1,65,-10
WEST MELBOURNE,1085000,1500000,3.6,42,-21
WEST WODONGA,342500,394000,2.6,29,7
WESTALL,730000,739000,5.8,76,-9
WESTGARTH,1505000,1600000,7,97,-12
WESTMEADOWS,620000,534500,6,79,0
WHEELERS HILL,1009000,1255000,5.1,64,-10
WHITE HILLS,330000,315000,4.1,50,5
WHITTINGTON,377500,409500,6.2,82,-4
WHITTLESEA,577500,593500,5.8,75,0
WILLAURA,110000,156500,1.1,11,-6
WILLIAMS LANDING,660000,670000,6.4,86,-4
WILLIAMSTOWN,1350000,1570000,5.4,69,-6
WILLIAMSTOWN NORTH,915000,955000,6.2,83,6
WIMBLEDON HEIGHTS,386500,405000,4,49,-6
WINCHELSEA,430000,525500,7.6,109,10
WINDSOR,1350000,1501000,5.6,73,-5
WINTER VALLEY,435000,485000,3.6,42,7
WODONGA,330500,356500,3.3,38,-6
WOLLERT,577500,593500,3.7,43,1
WONGA PARK,1111000,1001000,5.2,67,-3
WONTHAGGI,375000,370000,4.1,50,11
WOODEND,747500,620000,8.2,120,12
WOOLAMAI WATERS,495500,570000,5.9,77,5
WOORI YALLOCK,510000,527500,6.3,83,-2
WY YUNG,349000,323000,2.6,30,11
WYCHEPROOF,141500,170000,2.1,23,13
WYE RIVER,1300000,1042500,7.4,105,49
WYNDHAM VALE,465000,468500,5.9,78,-3
YACKANDANDAH,497500,NA,8.3,121,5
YALLAMBIE,792500,950000,6,79,-2
YALLOURN NORTH,191000,142500,4.8,59,10
YARRA GLEN,670000,815000,6.1,81,0
YARRA JUNCTION,582500,528000,7.1,99,2
YARRAGON,410000,434000,7.6,109,5
YARRAM,240000,260000,2.9,33,10
YARRAVILLE,971000,950000,6,79,-7
YARRAWONGA,375000,398000,3.3,39,9
YEA,435500,416500,7.4,104,11
YINNAR,255000,237500,3.4,39,4
