lga,2019,2020,change 2018-2019,change 2009-2019,Growth PA,no. of sales 2020
abbotsford,1030000,1150000,4.7,58,-14,33
aberfeldie,1390000,1592500,5.9,77,-7,25
aintree,610000,675000,5.313392857142856,69.38959390862944,5,52
aireys inlet,985000,1005000,6.7,91,13,19
airport west,790000,900000,5.6,73,-7,69
albanvale,512000,563000,6.2,83,-6,34
albert park,1965000,1110000,6.5,87,-5,57
albion,675000,765000,6.8,93,-11,12
alexandra,325500,385000,4,48,-3,42
alfredton,480000,500000,4.8,60,9,162
allansford,300000,313000,2.2,24,22,0
alphington,1570000,1410000,6.5,88,-8,19
altona,882500,888500,5.9,77,-5,77
altona east,842500,852500,6.9,95,-6,19
altona meadows,617500,650000,5.8,76,-2,51
altona north,788500,845000,6.5,88,-6,79
anglesea,905000,1015000,5.9,77,5,66
apollo bay,597500,680000,3.3,39,9,23
ararat,216500,228000,3.1,36,9,127
ardeer,571500,590000,6.3,84,-9,14
armadale,2462500,2325000,4.4,53,5,45
armstrong creek,540000,530500,5.313392857142856,69.38959390862944,1,156
ascot (greater bendigo),415500,454000,4.1,49,9,27
ascot vale,1088500,1102000,5.7,74,-9,94
ashburton,1651000,1480000,7.6,109,-4,48
ashwood,1100000,1099000,5.6,72,-9,28
aspendale,994000,1167500,6.1,82,1,56
aspendale gardens,844000,898500,5.4,69,-10,20
attwood,767500,672500,4.7,58,2,15
avenel,370000,445000,5.7,74,6,9
avoca,219500,320000,5.1,65,0,15
avondale heights,810000,841000,5.8,76,-2,66
avonsleigh,532500,724976.1290322581,5.6,72,-1,0
bacchus marsh,500000,490000,6,79,4,98
badger creek,498000,518500,6.5,87,0,10
bairnsdale,274000,290000,2.3,26,-1,151
balaclava,1310000,1430000,5.7,75,10,22
balcombe,1109000,1007500,7.5,106,-11,73
ballan,450000,505000,6.1,80,-3,32
ballarat central,520000,590000,7.6,107,17,83
ballarat east,360000,375500,5.8,76,6,89
ballarat north,413500,425000,6,80,6,53
balnarring,825000,985000,7.8,112,1,16
balnarring beach,1275000,1175000,6,80,14,10
balwyn,2392500,2321500,6.5,87,-1,68
balwyn north,1700000,1910000,5.7,73,-6,149
bannockburn,529000,580000,5.7,73,9,68
baranduda,395000,449000,2.4,27,-2,17
barnawartha,316000,432500,5.1,65,13,0
barwon heads,1007500,1130000,7.2,100,4,55
baxter,530000,541500,6.5,88,-2,20
bayswater,715000,750500,6.8,92,-5,62
bayswater north,695000,759500,6.5,87,-3,51
beaconsfield,690000,762500,5.2,65,-5,65
beaconsfield upper,787500,815000,7.7,109,-13,0
beaufort,242500,329000,3.8,45,8,17
beaumaris,1582500,1610000,5.6,72,-5,78
beeac,195000,724976.1290322581,2.8,32,2,0
beechworth,472000,480000,6.1,82,18,42
belgrave,636000,664000,5.6,72,-6,37
belgrave heights,685000,702500,6.5,88,-2,11
belgrave south,665500,724976.1290322581,6.9,96,-15,0
bell park,482000,510000,6.5,87,7,60
bell post hill,475000,567500,5.7,74,-2,60
bellbridge,368500,524500,2.4,27,-7,0
bellfield (banyule),770000,735000,5.3,68,-12,13
belmont,545000,570000,6.6,89,0,180
benalla,290000,260000,3.3,38,2,134
bendigo,420000,432500,6,79,5,87
bentleigh,1382500,1432500,6.4,86,-1,72
bentleigh east,1200000,1261000,6.5,88,0,174
berwick,673500,701500,5.8,76,-3,360
beulah,77000,81000,-0.4,-4,-36,0
beveridge,610000,610000,5.313392857142856,0,10,30
birchip,107500,115000,5.6,73,7,15
birregurra,463000,507500,6.4,85,30,12
bittern,577500,620000,6.6,90,-11,24
black hill,495000,420000,7.4,105,22,23
black rock,1777500,1617500,3.6,42,-12,29
blackburn,1300000,1380500,6.4,86,-5,84
blackburn north,1010000,1116500,6.5,87,-3,46
blackburn south,1038000,1170000,6.6,90,-1,51
blackwood,372500,724976.1290322581,3.6,42,14,11
blairgowrie,925000,955000,5.9,78,-6,95
blind bight,552500,630000,5.6,72,1,15
bonbeach,850000,903000,5.4,69,-7,44
bonnie doon,420000,290000,8.7,130,1,0
bonshaw,389000,448000,5.313392857142856,69.38959390862944,4,8
boolarra,245000,724976.1290322581,3.6,42,-2,2
boort,185000,136500,5.7,75,3,0
boronia,684500,725000,6,79,-8,154
botanic ridge,700000,693000,4,48,-4,81
box hill,1528000,1620000,7,96,-10,28
box hill north,1200000,1272500,7.1,98,1,54
box hill south,1154000,1370000,6.7,92,-10,42
braybrook,630000,690000,5.3,68,-12,79
breakwater,405000,724976.1290322581,6.3,84,5,5
briagolong,315000,724976.1290322581,5.8,75,19,9
briar hill,817000,962000,6.1,82,-7,9
bright,580000,645000,6.9,95,-2,32
brighton,2600000,2825000,4.3,53,-10,120
brighton east,1700000,1732500,4.7,59,-10,94
broadford,417500,439000,6.5,87,5,52
broadmeadows,526000,556500,5.1,64,-9,48
brookfield,445000,488500,3.8,45,-9,100
brooklyn,672500,605000,5,63,-3,11
brown hill,449000,439500,7,97,11,36
brunswick,1030000,1208000,5.4,69,-6,95
brunswick east,995500,1085000,4.6,57,-15,40
brunswick west,1061000,1096500,5.8,77,-9,55
bruthen,229000,215000,2,22,-12,4
bulleen,1100000,1245000,5.6,72,-11,55
bundalong,515000,425000,1.8,20,11,0
bundoora,727500,775000,5.8,76,0,143
buninyong,475000,500000,5.8,76,2,26
bunyip,501000,470000,5.9,77,-9,23
burnley,1188500,1902500,5,63,-9,0
burnside,605000,645000,5.8,75,0,30
burnside heights,591000,600000,5.4,69,-7,43
burwood,1165000,1183000,5.6,73,-12,45
burwood east,1020000,1125500,6,79,-3,68
cairnlea,752500,762500,6.8,93,3,41
california gully,289000,318000,3.3,38,5,63
camberwell,2100000,1800000,6.2,82,-3,95
campbellfield,534500,500000,5.3,67,-3,20
campbells creek,500000,495000,7.3,102,9,19
camperdown,280000,250000,4.7,58,19,54
canadian,377500,407000,4.2,50,1,59
cann river,125000,122000,1.9,20,-1,0
canterbury,2832500,2250000,5.4,69,12,48
cape paterson,540000,659000,5.6,73,22,22
cape schanck,940000,1018500,6.1,81,11,10
capel sound,515000,625000,5.3,67,-6,54
carisbrook,300000,257000,7.1,99,29,8
carlton,1306000,1500000,5,63,-18,17
carlton north,1555000,1397500,7.1,98,8,30
carnegie,1310000,1336000,5.2,66,-9,36
caroline springs,620000,631500,5.4,70,0,152
carrum,770000,900000,5.9,77,-10,22
carrum downs,537500,577500,6.1,80,-7,197
casterton,150000,169000,4,48,13,32
castlemaine,520000,579000,7.4,104,4,79
caulfield,1658000,2082500,5.8,75,-3,13
caulfield east,1372500,1748500,4.8,61,4,8
caulfield north,2100000,2205000,5.8,75,7,57
caulfield south,1488000,1720000,5.8,75,-7,53
chadstone,1000000,1229000,5.8,75,-5,27
charlemont,465000,540000,5.313392857142856,0,2,27
charlton,147000,215000,5.1,65,-2,19
chelsea,857500,880000,5.9,78,-5,43
chelsea heights,750000,825000,6.3,85,-4,30
cheltenham,1035500,1200000,5.7,74,-6,71
cheltenham east,940000,1020000,5.8,76,0,28
cheltenham north,858000,967500,4.5,56,-7,27
chewton,439500,576000,7.2,100,1,7
chiltern,223500,265000,-0.2,-2,-14,10
chirnside park,685000,752500,5.4,69,-2,108
chum creek,575000,567500,7.1,98,-5,0
churchill,185000,230000,2.1,24,3,72
clarinda,815000,835000,5.5,71,2,29
clayton,1100500,1121000,7,97,-12,24
clayton north,1405000,724976.1290322581,9.2,142,5,5
clayton south,832000,736500,6,80,-2,23
clifton hill,1352500,1432000,6.1,80,-1,31
clifton springs,485000,517000,5.7,74,3,118
clunes,330000,285000,7.2,101,-4,19
clyde,549000,569500,4.9,61,8,130
clyde north,584500,596500,5.313392857142856,69.38959390862944,-3,224
cobblebank,480500,465000,5.313392857142856,69.38959390862944,5,27
cobden,237000,267500,2.8,32,5,19
cobram,272500,304000,2,22,7,76
coburg,931000,1140000,5.7,74,-4,129
coburg east,823500,941000,5.8,76,-2,41
coburg north,812500,915000,6,79,0,38
cockatoo,580000,596000,7.2,100,-2,34
cohuna,205000,220500,2.4,27,15,42
colac,315000,339000,4.4,54,-2,117
coldstream,635000,656000,6.5,88,-4,18
coleraine,136000,110000,1.3,13,19,20
collingwood,1050000,1215000,5.6,72,-5,28
connewarre,1345000,1085000,6.9,95,12,0
coolaroo,441000,480000,5.2,66,-8,13
coonans hill,902500,1047500,4.8,59,-3,15
coongulla,335000,310000,9.1,139,38,3
corinella,357500,660000,2.6,29,-21,19
corio,354000,365000,6.1,80,-4,147
coronet bay,365000,375000,5.9,78,6,25
corryong,236000,200000,5.2,66,45,25
cowes,560000,525000,4.7,58,4,32
cowes west,508500,472500,6.2,83,5,110
craigieburn,530000,545000,4.9,62,-3,481
cranbourne,500000,516500,6,79,-7,174
cranbourne east,565000,560000,5.6,72,-2,155
cranbourne north,570000,570000,5.9,78,-5,168
cranbourne west,520000,532500,6.3,84,-4,212
cremorne,1267000,1665000,6.4,86,-11,12
creswick,345000,370000,5.8,76,5,51
crib point,527500,597500,6.6,89,-5,33
croydon,732500,762500,6.3,85,-7,158
croydon hills,835000,927500,5.8,76,-5,26
croydon north,825000,895000,5.8,75,-2,44
croydon south,716000,706000,6.3,83,-5,40
curlewis,560000,546000,5.313392857142856,69.38959390862944,13,45
dallas,451500,480000,4.5,56,-8,36
dalyston,373000,350000,6.4,87,22,13
dandenong,602000,630000,5.7,74,-6,101
dandenong north,605000,636000,5.9,78,-5,92
darley,520000,535000,7.3,103,3,75
dartmoor,157500,724976.1290322581,0.6,6,26,0
daylesford,590000,650000,7.4,103,7,55
deanside,689327.9301745635,724976.1290322581,5.313392857142856,69.38959390862944,0.5511221945137157,0
deepdene,2758000,724976.1290322581,4.4,54,2,9
deer park,550000,585000,6,80,-5,121
delacombe,390000,368000,4.1,50,8,64
delahey,530000,602000,5.5,71,-8,45
dennington,360000,427500,2.5,29,1,25
derrimut,649000,637500,5.9,77,6,33
derrinallum,221500,158500,4.5,55,81,0
diamond creek,751500,749500,5.5,70,-4,79
diggers rest,515000,500000,7.9,115,3,39
dimboola,120000,129000,2.9,33,-8,23
dingley village,810000,940000,5.6,73,-4,37
dinner plain,520000,452500,1.3,14,2,16
donald,135500,154500,3.9,46,-7,31
doncaster,1251500,1260000,6.1,82,-4,102
doncaster east,1190000,1317500,6.6,89,-3,158
donvale,1121000,1360000,6.4,87,-5,43
doreen,597500,606500,4.8,59,-1,245
doveton,470000,494000,5.8,75,-13,75
dromana,715500,680000,6.4,86,-9,76
drouin,440000,470000,6.1,81,-3,168
drysdale,572500,615000,6.5,87,12,37
dunkeld,225000,305000,0.7,7,-24,11
dunolly,234500,209000,5.9,77,14,9
eagle point,360000,425000,4.3,52,17,18
eaglehawk,321500,335000,4.1,50,2,72
eaglemont,1799000,1777500,2.1,24,-8,27
east bairnsdale,235000,335000,1.9,21,4,15
east bendigo,390000,387000,5.6,73,23,27
east geelong,625000,760000,6.5,87,-2,35
east melbourne,3413500,2350000,7.3,103,28,6
east warburton,446500,544500,6,79,4,5
eastwood,410000,395000,2.8,32,6,38
echuca,370000,382000,3.8,45,1,143
edenhope,173000,724976.1290322581,7.6,108,18,13
edithvale,954000,1125000,7,97,-9,44
eildon,251500,282500,3.6,43,-3,20
elliminyt,445000,380000,5.3,68,16,27
elmore,235000,235000,3.8,45,3,14
elsternwick,1750000,2001000,5.9,78,-10,25
eltham,925000,897500,5.9,77,-2,93
eltham north,930000,1006000,6.5,87,0,38
elwood,1952500,1750000,5.7,74,-9,61
emerald,660000,737500,5.9,77,-10,40
endeavour hills,620000,676000,5.7,74,-5,144
epping,550000,560000,4.8,60,-8,194
epsom,371500,410000,3.6,43,4,60
essendon,1447000,1175000,6.2,83,-13,91
essendon north,1100000,1327500,5.4,69,1,11
essendon west,1160000,995000,5.5,71,-5,12
eumemmerring,540000,556500,5.4,69,-13,13
eureka,360000,315000,4.1,49,14,6
euroa,309000,327500,5.9,77,14,31
eynesbury,558500,540000,0.6,6,2,29
fairfield,1290000,1390000,6.7,90,-2,23
fairhaven,1395000,1400000,6.8,92,37,8
fawkner,665000,708500,5.6,73,-8,81
ferntree gully,692000,742000,6.2,82,-6,157
ferny creek,733000,925000,4.4,54,-12,8
fingal,1240000,1415000,9.1,138,-8,16
fitzroy,1392500,1135500,6,79,-4,33
fitzroy north,1377500,1590000,6.4,86,-7,59
fiveways,485000,490000,4.2,52,-11,9
flemington,1000000,1107500,5.6,72,8,29
flinders,1670000,1300000,9.8,155,-2,18
flora hill,370000,389000,5.1,64,5,39
flowerdale,290000,420000,2.1,24,-26,9
footscray,810000,920000,4.8,60,-10,69
forest hill,900000,1004000,6,79,-4,38
foster,325000,362500,3.9,46,-3,18
frankston,580500,611500,6.3,84,-4,292
frankston north,423000,455000,6,78,-16,67
frankston south,817500,785000,6.1,80,-4,135
fraser rise,598000,635000,5.313392857142856,69.38959390862944,-3,63
fyansford,617500,750000,5.313392857142856,69.38959390862944,-5,11
garden city,1375000,724976.1290322581,4.3,53,-9,6
gardenvale,1740000,724976.1290322581,7.7,111,-5,0
garfield,540000,585000,7,96,0,11
geelong,720000,750000,6.3,85,-4,35
geelong west,675000,780000,6.9,94,-5,89
gembrook,650000,630000,8,117,7,12
gisborne,730000,720000,7.6,109,-5,90
gladstone park,636500,660000,6,80,1,55
glen huntly,1380000,724976.1290322581,5.1,65,13,11
glen iris,1929500,1860000,6.5,88,-1,106
glen waverley,1270000,1235000,6.8,92,-2,192
glengarry,324000,342500,3.7,44,8,0
glenrowan,372500,724976.1290322581,4.7,58,41,8
glenroy,700000,740000,5.2,67,-3,87
golden beach,220000,310000,3.7,44,-2,21
golden point (ballarat),370000,385000,5.8,76,6,34
golden square,340000,352000,4.3,52,2,131
gordon,495000,649500,6.5,89,23,6
goughs bay,299500,500000,5,64,-13,10
gowanbrae,700500,820000,4.5,56,-4,15
grantville,397500,421000,6.2,82,-1,24
green lake,290000,361000,2.3,26,7,13
greensborough,797500,832500,6.1,81,-2,114
greenvale,715000,728000,4.2,50,-1,133
grovedale,505000,551500,5.6,73,2,158
hadfield,727500,712500,5.7,74,-2,42
hallam,560000,590000,5.5,70,-11,52
halls gap,310000,400500,3,35,-13,15
hamilton,208500,250000,1.2,13,-7,171
hamlyn heights,540000,560000,6.2,83,-1,90
hampton,1896000,1650000,5.6,72,0,76
hampton east,1195000,1252500,6.2,83,-3,42
hampton park,502000,532000,5.5,70,-9,165
harkness,475000,470000,5.3,68,-2,134
hastings,506000,555000,5.4,69,-3,83
hastings west,430000,561000,6.5,87,-10,27
hawthorn,2195500,2578000,5.9,77,-12,83
hawthorn east,2050000,1857500,6,79,-7,44
healesville,579500,574000,6.4,85,-4,50
heathcote,332500,357500,5.8,75,7,23
heatherton,965000,890000,5.4,70,3,21
heathmont,871000,910000,7.2,100,-7,46
heidelberg,1122500,1302000,4.4,54,1,27
heidelberg heights,777500,752500,5.6,72,-5,32
heidelberg west,665000,790000,5.9,78,-5,28
hepburn,452500,485000,3.7,44,6,10
hepburn springs,595000,559000,5.6,73,21,16
herne hill,534000,560000,6.7,91,-3,37
heyfield,195000,227500,2.3,26,-6,34
heywood,178000,176500,1.8,19,7,21
highett,1229500,1350000,6.6,89,-4,70
highton,690000,697000,6,79,1,199
hillside (melton),642000,652500,6.1,81,0,90
hopetoun,66000,142500,-1.1,-10,-23,18
hoppers crossing,528500,545000,6.4,87,-4,248
horsham,269000,260000,4.3,53,5,243
hughesdale,1150500,1480000,5.2,66,-10,15
huntingdale,914000,1278000,5,63,-10,8
huntly,367500,372500,3.5,41,3,36
hurstbridge,700000,740000,5.7,74,-4,12
indented head,606000,728500,6.5,88,5,21
inglewood,185000,250000,3.6,42,3,16
inverleigh,503000,500000,7.7,110,-5,0
inverloch,592500,649000,4.6,56,-1,132
invermay park,475000,497000,4.5,56,2,27
ironbark,296000,465500,2.7,31,-8,17
irymple,380000,365000,5.9,77,23,52
ivanhoe,1540000,1422500,6.7,92,-4,42
ivanhoe east,1765000,1990000,6.3,84,-8,15
jacana,512500,510000,4.8,60,-8,8
jackass flat,331500,345000,2.4,27,7,20
jamieson,311500,345000,4.9,61,17,0
jan juc,870000,860000,6.4,86,-4,36
jeeralang north,235000,296000,3.8,46,39,15
jeparit,81000,88000,2,21,5,11
junction village,483500,467500,5.7,75,-5,5
junortoun,530000,589000,2.1,23,5,12
kalimna,292500,325000,0.9,10,-10,20
kalkallo,532500,540000,5.313392857142856,0,-3,47
kallista,700000,564000,5.5,71,-5,7
kalorama,645000,642000,6.3,84,-6,9
kangaroo flat,340000,370000,3.9,46,5,148
kangaroo ground south,815500,1080000,4.7,58,-12,11
kaniva,169500,137500,5.8,77,3,13
kealba,596000,600000,6.6,90,-3,22
keilor,836500,830000,5.1,64,3,27
keilor downs,630000,650000,5.5,70,-5,38
keilor east,835000,858000,6.3,84,1,105
keilor lodge,740000,724976.1290322581,6,78,3,0
keilor park,708000,660000,5.7,74,-8,19
kennington,373500,411000,3.5,41,-3,60
kensington,980000,1150000,5.6,72,-4,55
kerang,170000,160000,1.4,15,-4,46
kew,2255000,2200000,5,62,-4,112
kew east,1837000,1905000,7,97,2,7
kew north,1833000,2307500,6.9,95,-1,30
keysborough,740000,745000,7,97,-4,165
kialla,450000,420000,3.5,41,8,82
kilcunda,533000,662000,6.2,82,8,8
killara (wodonga),453500,413000,7.9,113,8,34
kilmore,435000,467500,4.7,59,-1,93
kilsyth,642500,700000,5.7,74,-6,102
kilsyth south,761500,848000,5.7,74,-8,12
kinglake,555000,630000,7.7,109,16,13
kings park,510000,537500,6,79,-7,45
kingsbury,660000,700500,4.6,57,-10,15
kingsville,1010000,875000,6.3,85,2,21
knoxfield,760000,829000,6.1,81,-7,41
koo wee rup,550000,510000,7,96,8,32
koondrook,212500,215000,4.3,53,-21,14
koroit,345000,341000,5.1,64,-1,25
korumburra,319000,378000,4.1,49,0,58
kurunjang,420500,440000,5.7,74,-3,95
kyabram,263000,270000,3,35,1,79
kyneton,595000,620000,8.2,121,8,74
lake boga,239000,211500,4.8,60,9,11
lake gardens,552500,635000,4.7,58,-4,18
lake tyers beach,357500,400000,4.3,52,19,17
lake wendouree,836500,995000,7.6,107,8,29
lakes entrance,310000,320000,1.8,19,-5,96
lalor,590500,627500,5.8,76,-6,118
lancefield,500000,510000,6.7,92,10,15
lang lang,495000,530000,6.9,95,4,20
langwarrin,617500,644000,6.4,86,-4,178
lara,495000,552500,5.9,77,-4,53
lara lake,540000,542000,5.9,78,2,108
launching place,554000,520000,6.9,95,4,18
laverton,529000,542500,5.5,71,-9,49
laverton south,622500,665000,5.8,75,-4,40
learmonth,331000,307000,4.3,53,1,0
leneva,426000,455000,2.8,31,10,12
leongatha,367000,386000,3.8,45,2,71
leopold,510000,540000,5.1,65,2,177
lilydale,680000,708500,5.7,74,-4,114
linton,256500,337500,3.9,46,8,8
lismore,144500,237500,2.7,31,9,7
loch sport,244000,220000,4.9,62,6,64
lockington,222000,724976.1290322581,6,79,21,0
long gully,280000,269500,4.5,56,4,42
longwarry,405000,475500,5.1,64,-1,29
lorne,1295000,1625000,5.5,72,2,32
lovely banks,570000,445000,4.9,61,9,15
lower plenty,905000,1491500,4.4,53,-14,14
lucas,431000,502500,5.313392857142856,69.38959390862944,9,64
lucknow,275000,502500,1.9,21,-2,14
lynbrook,623000,617500,5.1,64,-3,46
lyndhurst,665000,687500,6.4,86,-4,62
lysterfield,956500,940000,6.8,93,-2,32
lysterfield south,1045000,724976.1290322581,2.4,27,-18,0
macedon,800000,725000,7.6,108,-2,14
macleod,914500,967000,6.4,86,-1,51
macs cove,300000,724976.1290322581,6,80,11,0
maddingley,460000,515000,6,78,4,54
maffra,255000,293000,2.5,28,-2,74
maiden gully,512500,480000,4.3,52,3,35
maidstone,779000,715000,5.3,68,-3,53
maldon,510000,395000,7.6,108,21,32
mallacoota,406500,402500,4.1,49,40,17
malmsbury,475000,560000,6.7,92,3,0
malvern,2550000,2355000,5.1,64,-4,44
malvern east,1770000,1610000,6.4,86,-7,117
manangatang,97000,110000,1.3,14,18,0
manifold heights,715000,1437500,5.7,74,-9,22
manor lakes,535000,555000,5.6,72,2,103
mansfield,456000,394000,6.2,82,6,58
marengo,687500,810000,6.5,88,15,0
maribyrnong,987500,955000,4.9,62,-4,42
marong,420000,375000,6.7,92,15,20
marshall,486500,465000,5.1,64,4,34
maryborough,235500,245000,4.5,55,3,119
marysville,462500,724976.1290322581,6.8,93,-3,0
mccrae,795000,770000,6.5,88,-6,50
mckenzie hill,536500,538000,3.6,43,8,15
mckinnon,1525000,1875000,5.9,77,-2,22
meadow heights,472500,481500,4.6,57,-7,79
melton,385000,390000,5.9,77,-7,76
melton south,390000,400500,6.1,81,-6,100
melton west,424000,475000,5.6,72,-6,84
mentone,1028000,972500,5.6,72,-5,48
menzies creek,682500,680000,7.1,99,-10,0
merbein,210000,198500,3.4,39,17,36
merinda park,477000,545000,5.6,72,-9,23
mernda,552000,535000,4.7,58,-4,190
merrijig (mansfield),422500,724976.1290322581,2.4,27,-8,0
metung,425000,450000,5,63,14,43
mickleham,525000,545000,5.313392857142856,69.38959390862944,1,168
middle park,2705000,3555000,7.6,108,2,26
mildura,310000,317500,4.2,51,10,439
mill park,654000,681000,6,79,0,131
millgrove,415000,440000,6.7,92,1,29
miners rest,428000,434000,4.3,53,7,55
minyip,114500,95000,2.8,32,41,14
mirboo north,327500,371500,3.6,42,7,24
mitcham,942000,1085500,6.4,87,-6,90
mitchell park,313000,325000,3.2,37,3,7
moe,210000,232500,4.5,56,5,137
monbulk,630000,633500,6.8,94,-3,41
mont albert,1680000,2050000,4.6,56,-16,16
mont albert north,1380000,1720000,5.7,74,-4,23
montmorency,856000,904500,6.1,81,-8,50
montrose,707500,711000,6.3,84,-4,35
moonee ponds,1300000,1300000,6.7,92,-4,71
moorabbin,1050000,1211000,6,78,-7,47
mooroolbark,670000,710500,6.1,81,-7,175
mooroopna,249000,265000,2,21,8,96
mordialloc,1010000,1390000,5.8,76,-3,37
mornington,800000,825000,6.5,87,-6,245
mortlake,164000,160000,0.7,7,-1,25
morwell,180000,177000,2.5,29,8,251
mount beauty,294000,290000,5,63,10,15
mount clear,396500,415000,5.3,68,5,51
mount dandenong,662000,785000,3.9,47,2,13
mount duneed,563000,565000,1.1,11,1,55
mount eliza,1157500,1280000,6.4,85,-5,172
mount evelyn,636000,705500,6.5,87,-5,76
mount helen,418500,472500,3.1,36,0,44
mount macedon,775000,1036000,5,63,-10,12
mount martha,1252500,1230000,7.5,107,4,77
mount pleasant,377500,400000,6,79,8,20
mount waverley,1267000,1350000,6.2,83,-4,171
mulgrave,840000,928000,5.8,76,-2,116
murchison,244500,358500,3.9,47,9,10
murrumbeena,1241500,1495000,5.1,64,-8,27
murtoa,119000,132500,2.6,29,8,19
myrtleford,315000,327500,5.2,66,7,46
nagambie,414000,425000,7,97,7,23
narre warren,590000,602500,6.3,84,-4,182
narre warren north,1075000,1185000,5.2,67,-9,18
narre warren south,625000,643000,5.7,73,-2,194
nathalia,229000,227500,3.3,39,9,21
natimuk,148500,370000,1.5,16,-6,0
neerim south,394000,655000,4.1,50,-3,11
nelson,247500,210000,2.8,32,-3,6
nerrina,617500,625000,7.5,106,7,23
new gisborne,695000,715000,6.5,88,-8,17
newborough,256000,252000,4,48,2,95
newcomb,435000,464000,6.6,90,-4,52
newington,495000,585000,6.9,95,6,15
newlands arm,444000,397000,4.7,59,21,14
newport,1055000,1010000,6.5,88,0,87
newstead,436000,409500,8.2,121,39,8
newtown (greater geelong),825000,1005000,7,96,-2,115
nhill,137000,107500,1,10,-8,38
nichols point,430000,435000,3.3,39,-9,4
niddrie,1070000,845000,6,80,0,42
noble park,629000,653000,6,80,-8,99
noble park north,610000,656500,5.7,74,-8,22
noojee,224000,411500,1.1,11,-12,0
norlane,349000,366500,8.1,118,-2,75
north bendigo,325000,363500,4.7,58,5,52
north geelong,500000,653500,7.3,102,1,42
north melbourne,1297500,1135000,7.9,114,10,24
north wonthaggi,389000,390000,3.9,47,5,41
northcote,1300000,1265000,6.9,94,-3,112
notting hill,875500,1527000,6.1,81,-9,0
numurkah,252500,232000,3.9,47,12,46
nunawading,950000,1185000,6.4,86,-4,62
nyah west,85000,110000,-0.5,-4,-37,8
nyora,370000,472000,7.3,103,9,0
oak park,840000,703000,5.2,66,-4,39
oakleigh,1101000,990000,5.9,78,-12,31
oakleigh east,942000,935000,5.5,70,-5,16
oakleigh south,908000,983000,5.5,70,-5,57
ocean grove,695000,682500,6.1,81,1,270
officer,550000,585000,4.9,62,0,179
officer south,686000,864000,5.313392857142856,69.38959390862944,20,5
olinda,748000,690000,7,98,-2,11
orbost,185500,200000,1.8,20,12,38
ormond,1467500,1565000,6.2,82,-8,29
osborne,780000,815000,6.3,84,3,63
ouyen,99000,114000,-1,-10,6,23
pakenham,485000,520500,4.7,59,-7,596
paradise beach,200000,249000,1.6,18,1,10
park orchards,1460000,1720000,6,79,-1,8
parkdale,1155000,1200500,6.3,85,-7,75
parkville,1480000,1657500,1.3,14,-39,6
pascoe vale,858500,920000,5.4,69,-5,80
pascoe vale south,950000,929500,5.6,72,-1,22
patterson gardens,920000,935000,5.8,76,3,14
patterson lakes,923000,1300000,5.8,75,-10,32
paynesville,339000,380000,2.1,23,-4,79
pearcedale,670000,695000,7.4,104,2,24
penshurst,165000,130000,1.5,16,0,0
peterborough,419000,425000,4.6,57,-7,9
pioneer bay,310000,319000,5.3,68,1,12
plenty,1301000,959000,6.2,82,-4,11
point cook,640500,650000,4.8,60,1,292
point lonsdale,827500,890000,4.1,49,-1,50
poowong,443000,285000,9,138,41,0
porepunkah,535000,467500,7.6,108,15,10
port albert,250000,461000,3.7,44,4,11
port fairy,630000,632500,6.6,90,-3,46
port franklin,302500,323500,3.5,41,18,0
port melbourne,1375000,1780000,5,63,-8,76
port welshpool,315000,365000,5.4,69,7,13
portarlington,621500,619000,6,79,-3,54
portland,267500,320000,3.2,37,14,172
portland north,276000,541000,2.1,23,-25,0
portsea,1950000,2515000,5.9,77,-11,34
prahran,1510000,1785000,5.6,72,-4,84
preston,936500,1010000,6.1,81,-4,135
princes hill,2035000,1375500,8.9,134,23,17
pyramid hill,120000,115000,1.7,19,20,6
quarry hill,395000,369000,4.6,57,-3,27
queenscliff,950000,990000,5.1,64,0,30
rainbow,75000,77500,0.8,9,-24,13
rawson,156000,120000,0,0,-5,0
raymond island,300000,525000,2.2,24,-17,14
red cliffs,217500,240000,4.1,50,3,50
redan,357000,365000,6.1,81,8,47
research,930000,1515000,5.7,73,2,14
reservoir,750000,827000,5.7,74,-5,224
rhyll,565000,510000,3.5,41,-14,13
richmond,1255000,1220000,5.6,73,-4,109
riddells creek,695000,680000,8.4,124,3,17
ringwood,813500,899000,6,79,-10,81
ringwood east,809000,975500,6.2,83,-8,45
ringwood north,871000,870000,6,78,-5,61
rippleside,810000,768500,8.1,117,8,0
robinvale,225000,198500,2,22,2,23
rochester,255000,250000,3.8,46,8,43
rockbank,497000,480000,8.7,131,-1,12
romsey,580500,627500,6.7,92,6,56
rosanna,1042500,1122500,5.9,78,-5,34
rosebud,545000,587500,5.9,77,-8,184
rosebud south,682500,842500,7,96,-4,45
rosedale,247000,210000,4.1,50,-12,25
rowville,820500,801500,5.8,75,-2,218
roxburgh park,540000,577500,4.7,59,-1,137
rushworth,197500,185000,2.8,32,0,18
rutherglen,280000,330000,4.8,59,4,23
rye,690000,700500,6.1,82,-2,207
safety beach,785000,980000,6.7,92,-8,79
sailors gully,280000,211000,3.8,45,-3,10
sale,325000,341000,2.7,30,6,190
san remo,554500,670000,4.4,53,8,29
sanctuary lakes,620000,600000,3.1,36,-2,199
sandhurst,815000,785000,8.7,131,-3,53
sandringham,1650000,1770000,4.8,60,-11,60
sandy point,410000,517500,3.2,37,0,21
sassafras,805000,768000,6.5,88,7,4
scoresby,767000,790000,6.8,94,-8,31
sea lake,100000,117500,4.4,54,-9,17
seabrook,626500,655000,6,79,-7,40
seaford,655000,681500,6.3,85,-6,137
seaholme,1020000,1270000,4.4,54,0,14
seaspray,265000,443000,6.2,83,26,10
sebastopol,315000,350000,4,49,9,116
seddon,960000,1038000,6.4,86,-6,42
selby,601500,680000,4.6,56,-6,11
seville,620000,625500,6.3,85,-2,16
seville east,580000,724976.1290322581,6.2,83,5,3
seymour,300000,300000,5,63,2,69
shepparton,282000,283000,2.1,23,3,362
shepparton north,393000,453000,5.313392857142856,0,18,11
shoreham,1500000,1560000,8,117,29,0
silverleaves,618500,571000,4.7,59,-14,11
skenes creek,667500,855000,4,48,15,0
skipton,200000,212000,6.2,82,25,7
skye,600000,630000,6.2,82,-2,63
smiths beach,624500,560000,6.7,92,6,14
smythesdale,340000,121000,10.3,167,17,13
soldiers hill,480000,548000,7.8,111,7,50
somers,950000,835000,6.7,92,7,31
somerville,600000,603000,6.3,84,-2,98
sorrento,1465000,1360000,8,115,6,74
south dudley,339000,297500,4.9,61,26,0
south geelong,702500,687500,6.2,83,4,4
south kingsville,859000,990000,5.4,69,-14,15
south melbourne,1355000,1412500,4,48,-8,52
south morang,625500,655000,5.5,71,-1,148
south yarra,1767500,1817500,3.2,37,-4,56
spotswood,960000,1135000,6.6,89,-11,19
spring gully,386500,375000,2.7,30,-3,27
springvale,743000,800000,6.2,82,-5,47
springvale south,678000,712000,6.1,81,-6,37
st albans,590000,590000,6.6,90,-6,149
st albans park,422000,445000,4.6,57,-6,36
st andrews beach,930000,992500,5.9,78,3,11
st arnaud,175000,155000,3.4,40,21,31
st helena,905000,990000,6.3,85,-1,16
st kilda,1600000,1271500,6.8,94,-9,24
st kilda east,1560000,1709500,6.1,81,-4,26
st kilda west,2078500,724976.1290322581,4.3,53,7,11
st leonards,562500,501000,7,97,-2,74
stanhope,174000,180000,2.7,31,8,0
stawell,189000,220000,2.7,30,-1,100
stratford,316500,320000,3.2,38,23,43
strathdale,453500,543000,4.3,52,8,67
strathfieldsaye,476500,533500,4.6,56,7,56
strathmerton,195000,724976.1290322581,2.7,30,4,4
strathmore,1310000,995000,5.7,75,-3,47
strathmore heights,800000,650000,5.5,71,-10,0
strathtulloh,515000,449500,5.313392857142856,69.38959390862944,21,32
studfield,811000,870000,6.6,89,-10,6
sunbury,535000,555000,6.1,80,-2,357
sunderland bay,412000,511000,4.8,60,-9,10
sunnycliffs,239000,245000,1.7,18,10,0
sunset strip,460000,510500,6.3,84,18,13
sunshine,720000,830000,6.3,85,-2,46
sunshine north,630000,652500,5.8,75,-8,43
sunshine west,635000,648000,6.3,84,0,70
surf beach,510000,510000,5.9,77,6,17
surrey hills,1886500,1650000,6.4,86,-1,69
swan hill,285000,315000,1.9,21,7,112
sydenham,599500,600500,4.9,62,-3,41
syndal,1524500,2147500,7.2,101,0,34
tallangatta,251500,325000,3.3,39,3,11
tarneit,555000,549000,5.5,71,-2,354
tatura,276500,275000,3.6,42,11,62
tawonga,460000,370000,6.9,96,30,0
tawonga south,400000,377500,5,63,29,19
taylors hill,702500,680500,6.5,87,-3,65
taylors lakes,748500,742500,6,78,-2,43
tecoma,662500,727500,5.9,77,-5,15
templestowe,1276500,1553000,5.8,75,-2,73
templestowe lower,1080000,1215000,5.5,71,-6,87
terang,190000,203500,2.2,24,-2,30
the basin,695000,801000,6.5,88,2,32
the honeysuckles,336000,262500,8.1,118,16,10
the patch,755000,724976.1290322581,6.8,94,3,6
thomastown,592000,629000,5.3,67,-7,80
thomson (greater geelong),400500,425000,6.4,86,-3,19
thornbury,1135000,1158000,6.5,88,-1,83
thornhill park,535000,550000,5.313392857142856,69.38959390862944,1,28
timboon,260000,405000,2.5,28,5,12
tongala,234500,212500,4,48,-15,16
toongabbie,270000,225000,2,22,-4,8
toora,275000,222500,5.9,77,14,8
tooradin,700000,535000,8.3,121,0,14
toorak,4361000,4500000,4.9,61,-7,45
tootgarook,580000,550000,6.3,84,-3,59
torquay,820000,800000,5.6,73,1,189
trafalgar,397500,420000,6.3,84,6,53
traralgon,325000,311000,3.5,41,9,412
traralgon east,470000,474500,2.1,24,11,12
travancore,1125000,724976.1290322581,5.8,76,-24,4
trentham,614000,632500,10,159,2,27
truganina,575000,580000,5.9,77,0,238
tullamarine,612000,645500,4.9,61,-8,18
tyabb,580500,560000,7.1,99,6,16
tylden,492500,505000,8.6,129,-2,0
upper ferntree gully,642500,700000,6.3,84,-8,18
upwey,702500,792500,6.3,85,-1,49
ventnor,535000,560000,3.4,40,9,21
venus bay,330000,350000,3.3,39,8,87
vermont,937000,1038000,6.1,80,-4,60
vermont south,1166500,1220000,7.1,98,1,51
viewbank,920000,980000,5.8,75,-1,33
violet town,287500,279000,4.8,60,19,9
wahgunyah,355000,395000,6.5,87,48,10
walkerville,334500,285000,6.6,90,26,0
wallan,477500,485000,5.2,66,-3,90
wallan east,450000,445000,6.9,96,-8,47
wandana heights,766500,990000,5.2,67,10,17
wandin north,627500,695000,6.5,87,-6,11
wangaratta,319000,325000,3.4,40,0,266
wantirna,860000,921000,6.6,89,-6,59
wantirna south,988500,1085000,6.3,85,-1,81
warburton,515000,530000,7.1,99,4,17
warneet,512500,600000,6.4,86,-4,13
warracknabeal,118000,123000,2.7,31,5,32
warragul,460000,470000,6.4,86,2,257
warrandyte,987500,950000,5.6,72,-11,33
warranwood,935000,890000,5.4,69,-7,25
warrnambool,370000,391500,2.3,25,6,348
waterways,1270000,1475000,9,137,14,13
watsonia,736000,765000,5.5,71,-7,47
watsonia north,726500,770000,5.3,67,-6,21
wattle glen,778500,918000,5.6,73,-4,13
waurn ponds,641500,575000,5.5,71,3,32
wedderburn,138500,125000,7.1,98,7,11
weir views,462500,465000,5.313392857142856,69.38959390862944,-2,43
wendouree,335000,365000,5,63,3,136
wendouree west,257500,300000,4.6,58,5,17
werribee,510000,510000,6.8,94,0,354
werribee south,744500,590000,5.9,77,1,11
wesburn,530000,665000,6.7,91,14,0
west footscray,787500,852500,5.1,65,-10,77
west melbourne,1085000,1500000,3.6,42,-21,12
west wodonga,342500,394000,2.6,29,7,153
westall,730000,739000,5.8,76,-9,27
westgarth,1505000,1600000,7,97,-12,14
westmeadows,620000,534500,6,79,0,45
wheelers hill,1009000,1255000,5.1,64,-10,98
white hills,330000,315000,4.1,50,5,43
whittington,377500,409500,6.2,82,-4,28
whittlesea,577500,593500,5.8,75,0,43
willaura,110000,156500,1.1,11,-6,0
williams landing,660000,670000,6.4,86,-4,62
williamstown,1350000,1570000,5.4,69,-6,76
williamstown north,915000,955000,6.2,83,6,11
wimbledon heights,386500,405000,4,49,-6,15
winchelsea,430000,525500,7.6,109,10,21
windsor,1350000,1501000,5.6,73,-5,34
winter valley,435000,485000,3.6,42,7,38
wodonga,330500,356500,3.3,38,-6,273
wollert,577500,593500,3.7,43,1,262
wonga park,1111000,1001000,5.2,67,-3,13
wonthaggi,375000,370000,4.1,50,11,69
woodend,747500,620000,8.2,120,12,53
woolamai waters,495500,570000,5.9,77,5,43
woori yallock,510000,527500,6.3,83,-2,40
wy yung,349000,323000,2.6,30,11,21
wycheproof,141500,170000,2.1,23,13,12
wye river,1300000,1042500,7.4,105,49,0
wyndham vale,465000,468500,5.9,78,-3,173
yackandandah,497500,724976.1290322581,8.3,121,5,0
yallambie,792500,950000,6,79,-2,16
yallourn north,191000,142500,4.8,59,10,21
yarra glen,670000,815000,6.1,81,0,20
yarra junction,582500,528000,7.1,99,2,30
yarragon,410000,434000,7.6,109,5,19
yarram,240000,260000,2.9,33,10,37
yarraville,971000,950000,6,79,-7,106
yarrawonga,375000,398000,3.3,39,9,107
yea,435500,416500,7.4,104,11,21
yinnar,255000,237500,3.4,39,4,9
